,player_idx,opp_idx,player_id,player_name,tourney_date,minutes_prev_matches_in_tourney,bpFaced_avg_last_10_matches,match_count_last_30_days,ace_avg_last_365_days,win_rate_last_10_matches,rank,rank_points,minutes_sum_last_30_days,bpFaced_avg_last_365_days,opp_player_id,opp_player_name,opp_tourney_date,opp_minutes_prev_matches_in_tourney,opp_bpFaced_avg_last_10_matches,opp_match_count_last_30_days,opp_ace_avg_last_365_days,opp_win_rate_last_10_matches,opp_rank,opp_rank_points,opp_minutes_sum_last_30_days,opp_bpFaced_avg_last_365_days,minutes_prev_matches_in_tourney_diff,rank_diff,bpFaced_avg_last_365_days_diff,points_diff,bpFaced_avg_last_10_matches_ratio_log,match_count_last_30_days_ratio_log,ace_avg_last_365_days_ratio_log,win_rate_last_10_matches_ratio_log,minutes_sum_last_30_days_ratio_log,pred_value,pred_proba
0,1,316,200002,Mirjana Lucic,2018-01-15,138.0,10.8,3,2.972972972972973,0.4,30.0,1618.0,234.0,9.027027027027026,201658,Carmen Klaschka,2010-05-03,72.0,11.0,2,0.0,0.6666666666666666,245.0,205.0,132.0,11.0,66.0,-215.0,-1.9729729729729737,1413.0,-2.859776637317962,-3.9415818076696905,-3.948361494655069,-4.991403932168368,0.13170934535457782,0,0.2668327460292769
1,1,335,200002,Mirjana Lucic,2018-01-15,138.0,10.8,3,2.972972972972973,0.4,30.0,1618.0,234.0,9.027027027027026,201678,Sacha Jones,2018-01-01,0.0,12.714285714285714,0,,0.2,,,0.0,,138.0,,,,,,,,,1,0.7586230222640787
2,1,378,200002,Mirjana Lucic,2018-01-15,138.0,10.8,3,2.972972972972973,0.4,30.0,1618.0,234.0,9.027027027027026,202306,Diana Ospina,2012-09-10,0.0,,0,,,595.0,44.0,0.0,,138.0,-565.0,,1574.0,-1.3385629582987006,-2.4203681286504293,-2.427147815635808,-3.4701902531491067,1.6529230243738393,1,0.7012660826322819
3,1,463,200002,Mirjana Lucic,2018-01-15,138.0,10.8,3,2.972972972972973,0.4,30.0,1618.0,234.0,9.027027027027026,202459,Bojana Bobusic,2013-01-14,0.0,10.0,5,2.1666666666666665,0.375,307.0,152.0,549.0,10.666666666666666,138.0,-277.0,-1.6396396396396398,1466.0,-2.5623383899208165,-3.644143560272545,-3.6509232472579236,-4.693965684771222,0.42914759275172354,0,0.45993716646415267
4,1,485,200002,Mirjana Lucic,2018-01-15,138.0,10.8,3,2.972972972972973,0.4,30.0,1618.0,234.0,9.027027027027026,202481,Chi Chi Scholl,2014-09-08,0.0,9.833333333333334,0,,0.0,454.0,69.0,0.0,,138.0,-424.0,,1549.0,-1.7803957105777397,-2.8622008809294686,-2.8689805679148472,-3.912023005428146,1.2110902720948,1,0.6031856885963673
5,1,627,200002,Mirjana Lucic,2018-01-15,138.0,10.8,3,2.972972972972973,0.4,30.0,1618.0,234.0,9.027027027027026,202703,Constance Sibille,2015-05-18,60.0,10.0,0,1.0,0.3333333333333333,320.0,116.0,0.0,15.0,78.0,-290.0,-5.972972972972974,1502.0,-2.294074403326137,-3.3758795736778655,-3.382659260663244,-4.425701698176543,0.6974115793464029,0,0.3584108258905045
6,1,835,200002,Mirjana Lucic,2018-01-15,138.0,10.8,3,2.972972972972973,0.4,30.0,1618.0,234.0,9.027027027027026,204271,Biljana Pawlowa Dimitrova,2010-02-05,0.0,,0,,,857.0,14.0,0.0,,138.0,-827.0,,1604.0,-0.2399506696305909,-1.3217558399823195,-1.3285355269676982,-2.371577964480997,2.751535313041949,1,0.8507475484571039
7,1,847,200002,Mirjana Lucic,2018-01-15,138.0,10.8,3,2.972972972972973,0.4,30.0,1618.0,234.0,9.027027027027026,204292,Hyojung Yea,2011-09-19,0.0,11.0,0,0.0,0.0,1108.0,7.0,0.0,11.0,138.0,-1078.0,-1.9729729729729737,1611.0,0.38865798979178323,-0.6931471805599453,-0.6999268675453241,-1.742969305058623,3.380143972464323,1,0.9199010790369677
8,1,893,200002,Mirjana Lucic,2018-01-15,138.0,10.8,3,2.972972972972973,0.4,30.0,1618.0,234.0,9.027027027027026,204339,Yue Fei,2010-09-13,0.0,,0,,,,,0.0,,138.0,,,,,,,,,1,0.7586230222640787
9,1,986,200002,Mirjana Lucic,2018-01-15,138.0,10.8,3,2.972972972972973,0.4,30.0,1618.0,234.0,9.027027027027026,204433,Syna Kayser,2012-05-21,0.0,,0,,,609.0,45.0,0.0,,138.0,-579.0,,1573.0,-1.3605418650174759,-2.4423470353692043,-2.4491267223545834,-3.492169159867882,1.6309441176550639,1,0.7058674464940021
10,1,1017,200002,Mirjana Lucic,2018-01-15,138.0,10.8,3,2.972972972972973,0.4,30.0,1618.0,234.0,9.027027027027026,205789,Na Ri Kim,2022-04-16,0.0,5.25,0,,0.5714285714285714,1535.0,4.0,0.0,,138.0,-1505.0,,1614.0,0.8586616190375188,-0.2231435513142097,-0.22992323829958852,-1.2729656758128876,3.8501476017100584,1,0.9702563516790301
11,1,1175,200002,Mirjana Lucic,2018-01-15,138.0,10.8,3,2.972972972972973,0.4,30.0,1618.0,234.0,9.027027027027026,209919,Carina Litfin,2014-05-19,0.0,,0,,,,,0.0,,138.0,,,,,,,,,1,0.7586230222640787
12,1,1179,200002,Mirjana Lucic,2018-01-15,138.0,10.8,3,2.972972972972973,0.4,30.0,1618.0,234.0,9.027027027027026,210064,Denise Muresan,2014-09-08,0.0,,0,,,421.0,79.0,0.0,,138.0,-391.0,,1539.0,-1.9139271032022624,-2.995732273553991,-3.00251196053937,-4.045554398052669,1.0775588794702773,1,0.5760647602167746
13,1,1230,200002,Mirjana Lucic,2018-01-15,138.0,10.8,3,2.972972972972973,0.4,30.0,1618.0,234.0,9.027027027027026,210884,Melisa Martinov,2012-04-20,0.0,,0,,,,,0.0,,138.0,,,,,,,,,1,0.7586230222640787
14,1,1278,200002,Mirjana Lucic,2018-01-15,138.0,10.8,3,2.972972972972973,0.4,30.0,1618.0,234.0,9.027027027027026,211260,Marie Benoit,2024-11-15,0.0,10.0,0,1.6666666666666667,0.2,208.0,346.0,0.0,7.333333333333333,138.0,-178.0,1.6936936936936933,1272.0,-3.38122524847524,-4.4630304188269685,-4.469810105812347,-5.512852543325646,-0.38973926580270024,0,0.3430388191421965
15,1,1311,200002,Mirjana Lucic,2018-01-15,138.0,10.8,3,2.972972972972973,0.4,30.0,1618.0,234.0,9.027027027027026,211472,Oleksandra Korashvili,2015-07-27,48.0,5.8,0,,0.4,582.0,38.0,0.0,,90.0,-552.0,,1580.0,-1.1954621146580273,-2.277267285009756,-2.2840469719951346,-3.3270894095084333,1.7960238680145124,1,0.6137671267008376
16,1,1315,200002,Mirjana Lucic,2018-01-15,138.0,10.8,3,2.972972972972973,0.4,30.0,1618.0,234.0,9.027027027027026,211533,Jelena Ostapenko,2024-09-09,0.0,7.3,2,3.9444444444444446,0.5,12.0,3008.0,158.0,8.092592592592593,138.0,18.0,0.9344344344344329,-1390.0,-5.541263545158426,-6.623068715510155,-6.629848402495534,-7.672890840008832,-2.549777562485886,0,0.07500195137346426
17,1,1385,200002,Mirjana Lucic,2018-01-15,138.0,10.8,3,2.972972972972973,0.4,30.0,1618.0,234.0,9.027027027027026,211977,Adrijana Lekaj,2023-04-15,0.0,,4,,0.5,,,316.0,,138.0,,,,,,,,,1,0.7586230222640787
18,1,1394,200002,Mirjana Lucic,2018-01-15,138.0,10.8,3,2.972972972972973,0.4,30.0,1618.0,234.0,9.027027027027026,212044,Katharina Gerlach,2022-08-29,0.0,11.5,0,1.2,0.3,251.0,261.0,0.0,9.6,138.0,-221.0,-0.5729729729729733,1357.0,-3.100244972289478,-4.182050142641207,-4.188829829626585,-5.231872267139884,-0.1087589896169379,0,0.38566493386515316
19,1,1457,200002,Mirjana Lucic,2018-01-15,138.0,10.8,3,2.972972972972973,0.4,30.0,1618.0,234.0,9.027027027027026,212302,Lesedi Sheya Jacobs,2015-04-17,0.0,,0,,0.0,,,0.0,,138.0,,,,,,,,,1,0.7586230222640787
20,1,1691,200002,Mirjana Lucic,2018-01-15,138.0,10.8,3,2.972972972972973,0.4,30.0,1618.0,234.0,9.027027027027026,214646,Xiaodi You,2024-10-28,112.0,7.7,5,2.4375,0.4,306.0,207.0,517.0,9.0,26.0,-276.0,0.027027027027026307,1411.0,-2.8694385482296987,-3.951243718581427,-3.958023405566806,-5.001065843080105,0.12204743444284097,0,0.22897084677531385
21,1,1696,200002,Mirjana Lucic,2018-01-15,138.0,10.8,3,2.972972972972973,0.4,30.0,1618.0,234.0,9.027027027027026,214679,Sunam Jeong,2019-02-09,0.0,9.0,0,1.0,0.3333333333333333,582.0,27.0,0.0,9.333333333333334,138.0,-552.0,-0.3063063063063076,1591.0,-0.8641049787035848,-1.9459101490553135,-1.9526898360406921,-2.9957322735539913,2.127381003968955,1,0.725863373641259
22,1,1726,200002,Mirjana Lucic,2018-01-15,138.0,10.8,3,2.972972972972973,0.4,30.0,1618.0,234.0,9.027027027027026,214882,Oliwia Szymczuch,2015-04-06,28.0,,0,,1.0,,,0.0,,110.0,,,,,,,,,1,0.7123510892473389
23,1,1762,200002,Mirjana Lucic,2018-01-15,138.0,10.8,3,2.972972972972973,0.4,30.0,1618.0,234.0,9.027027027027026,215064,Maria Mateas,2024-08-26,0.0,7.777777777777778,0,2.0,0.3333333333333333,190.0,369.0,0.0,6.333333333333333,138.0,-160.0,2.6936936936936933,1249.0,-3.445403474166651,-4.527208644518379,-4.533988331503759,-5.577030769017057,-0.45391749149411126,0,0.3303693345910969
24,1,1764,200002,Mirjana Lucic,2018-01-15,138.0,10.8,3,2.972972972972973,0.4,30.0,1618.0,234.0,9.027027027027026,215096,Jaimee Fourlis,2024-05-27,0.0,8.2,0,1.9166666666666667,0.4,294.0,234.0,0.0,8.916666666666666,138.0,-264.0,0.11036036036036023,1384.0,-2.9914859826725397,-4.073291153024268,-4.080070840009647,-5.123113277522946,0.0,0,0.41814522663094805
25,1,2047,200002,Mirjana Lucic,2018-01-15,138.0,10.8,3,2.972972972972973,0.4,30.0,1618.0,234.0,9.027027027027026,220757,Lia Karatancheva,2023-04-14,0.0,,3,,1.0,518.0,79.0,338.0,,138.0,-488.0,,1539.0,-1.9139271032022624,-2.995732273553991,-3.00251196053937,-4.045554398052669,1.0775588794702773,1,0.6243219316124643
26,1,2218,200002,Mirjana Lucic,2018-01-15,138.0,10.8,3,2.972972972972973,0.4,30.0,1618.0,234.0,9.027027027027026,222034,Reese Brantmeier,2022-03-07,0.0,6.333333333333333,0,4.0,0.5,525.0,84.0,0.0,6.0,138.0,-495.0,3.0270270270270263,1534.0,-1.9745517250186975,-3.056356895370426,-3.0631365823558045,-4.106179019869104,1.0169342576538425,1,0.6280200379806083
27,1,2275,200002,Mirjana Lucic,2018-01-15,138.0,10.8,3,2.972972972972973,0.4,30.0,1618.0,234.0,9.027027027027026,223135,Shaira Hope Rivera,2020-02-08,0.0,1.0,1,4.0,1.0,,,37.0,1.0,138.0,,8.027027027027026,,,,,,,1,0.7687766483433032
28,1,2318,200002,Mirjana Lucic,2018-01-15,138.0,10.8,3,2.972972972972973,0.4,30.0,1618.0,234.0,9.027027027027026,232447,Celine Naef,2024-08-26,152.0,9.5,0,3.076923076923077,0.3,177.0,400.0,0.0,8.461538461538462,-14.0,-147.0,0.5654885654885646,1218.0,-3.52586189583495,-4.6076670661866785,-4.614446753172057,-5.657489190685356,-0.5343759131624102,0,0.11146624956345098
29,1,2338,200002,Mirjana Lucic,2018-01-15,138.0,10.8,3,2.972972972972973,0.4,30.0,1618.0,234.0,9.027027027027026,239129,Lina Soussi,2024-09-09,0.0,,0,,,,,0.0,,138.0,,,,,,,,,1,0.7586230222640787
30,1,2458,200002,Mirjana Lucic,2018-01-15,138.0,10.8,3,2.972972972972973,0.4,30.0,1618.0,234.0,9.027027027027026,267256,Melinda Biro,2024-07-15,0.0,,0,,,,,0.0,,138.0,,,,,,,,,1,0.7586230222640787
31,316,1,201658,Carmen Klaschka,2010-05-03,72.0,11.0,2,0.0,0.6666666666666666,245.0,205.0,132.0,11.0,200002,Mirjana Lucic,2018-01-15,138.0,10.8,3,2.972972972972973,0.4,30.0,1618.0,234.0,9.027027027027026,-66.0,215.0,1.9729729729729737,-1413.0,-4.904657303889635,-6.290951665009525,-7.389563953677635,-6.878738329911645,-2.4992148254558813,0,0.009354916716325623
32,316,335,201658,Carmen Klaschka,2010-05-03,72.0,11.0,2,0.0,0.6666666666666666,245.0,205.0,132.0,11.0,201678,Sacha Jones,2018-01-01,0.0,12.714285714285714,0,,0.2,,,0.0,,72.0,,,,,,,,,1,0.650710775853333
33,316,378,201658,Carmen Klaschka,2010-05-03,72.0,11.0,2,0.0,0.6666666666666666,245.0,205.0,132.0,11.0,202306,Diana Ospina,2012-09-10,0.0,,0,,,595.0,44.0,0.0,,72.0,-350.0,,161.0,-1.3217558399823195,-2.70805020110221,-3.8066624897703196,-3.295836866004329,1.083686638451434,0,0.3165690007535663
34,316,463,201658,Carmen Klaschka,2010-05-03,72.0,11.0,2,0.0,0.6666666666666666,245.0,205.0,132.0,11.0,202459,Bojana Bobusic,2013-01-14,0.0,10.0,5,2.1666666666666665,0.375,307.0,152.0,549.0,10.666666666666666,72.0,-62.0,0.3333333333333339,53.0,-2.5455312716044354,-3.9318256327243257,-5.030437921392435,-4.519612297626445,-0.14008879317068168,0,0.14558173021858686
35,316,485,201658,Carmen Klaschka,2010-05-03,72.0,11.0,2,0.0,0.6666666666666666,245.0,205.0,132.0,11.0,202481,Chi Chi Scholl,2014-09-08,0.0,9.833333333333334,0,,0.0,454.0,69.0,0.0,,72.0,-209.0,,136.0,-1.7635885922613588,-3.1498829533812494,-4.248495242049359,-3.7376696182833684,0.6418538861723947,0,0.23073565764067488
36,316,627,201658,Carmen Klaschka,2010-05-03,72.0,11.0,2,0.0,0.6666666666666666,245.0,205.0,132.0,11.0,202703,Constance Sibille,2015-05-18,60.0,10.0,0,1.0,0.3333333333333333,320.0,116.0,0.0,15.0,12.0,-75.0,-4.0,89.0,-2.277267285009756,-3.6635616461296463,-4.762173934797756,-4.251348311031766,0.1281751934239976,0,0.1005294228612187
37,316,835,201658,Carmen Klaschka,2010-05-03,72.0,11.0,2,0.0,0.6666666666666666,245.0,205.0,132.0,11.0,204271,Biljana Pawlowa Dimitrova,2010-02-05,0.0,,0,,,857.0,14.0,0.0,,72.0,-612.0,,191.0,-0.2231435513142097,-1.6094379124341003,-2.70805020110221,-2.1972245773362196,2.1822989271195437,1,0.5293556159991522
38,316,847,201658,Carmen Klaschka,2010-05-03,72.0,11.0,2,0.0,0.6666666666666666,245.0,205.0,132.0,11.0,204292,Hyojung Yea,2011-09-19,0.0,11.0,0,0.0,0.0,1108.0,7.0,0.0,11.0,72.0,-863.0,0.0,198.0,0.4054651081081644,-0.9808292530117262,-2.0794415416798357,-1.5686159179138452,2.810907586541918,1,0.6967599396455513
39,316,893,201658,Carmen Klaschka,2010-05-03,72.0,11.0,2,0.0,0.6666666666666666,245.0,205.0,132.0,11.0,204339,Yue Fei,2010-09-13,0.0,,0,,,,,0.0,,72.0,,,,,,,,,1,0.650710775853333
40,316,986,201658,Carmen Klaschka,2010-05-03,72.0,11.0,2,0.0,0.6666666666666666,245.0,205.0,132.0,11.0,204433,Syna Kayser,2012-05-21,0.0,,0,,,609.0,45.0,0.0,,72.0,-364.0,,160.0,-1.3437347467010947,-2.7300291078209855,-3.828641396489095,-3.3178157727231046,1.0617077317326586,0,0.3213615600033474
41,316,1017,201658,Carmen Klaschka,2010-05-03,72.0,11.0,2,0.0,0.6666666666666666,245.0,205.0,132.0,11.0,205789,Na Ri Kim,2022-04-16,0.0,5.25,0,,0.5714285714285714,1535.0,4.0,0.0,,72.0,-1290.0,,201.0,0.8754687373538999,-0.5108256237659907,-1.6094379124341003,-1.0986122886681098,3.2809112157876537,1,0.865532933838852
42,316,1175,201658,Carmen Klaschka,2010-05-03,72.0,11.0,2,0.0,0.6666666666666666,245.0,205.0,132.0,11.0,209919,Carina Litfin,2014-05-19,0.0,,0,,,,,0.0,,72.0,,,,,,,,,1,0.650710775853333
43,316,1179,201658,Carmen Klaschka,2010-05-03,72.0,11.0,2,0.0,0.6666666666666666,245.0,205.0,132.0,11.0,210064,Denise Muresan,2014-09-08,0.0,,0,,,421.0,79.0,0.0,,72.0,-176.0,,126.0,-1.8971199848858813,-3.283414346005772,-4.382026634673881,-3.871201010907891,0.5083224935478722,0,0.21143800150640846
44,316,1230,201658,Carmen Klaschka,2010-05-03,72.0,11.0,2,0.0,0.6666666666666666,245.0,205.0,132.0,11.0,210884,Melisa Martinov,2012-04-20,0.0,,0,,,,,0.0,,72.0,,,,,,,,,1,0.650710775853333
45,316,1278,201658,Carmen Klaschka,2010-05-03,72.0,11.0,2,0.0,0.6666666666666666,245.0,205.0,132.0,11.0,211260,Marie Benoit,2024-11-15,0.0,10.0,0,1.6666666666666667,0.2,208.0,346.0,0.0,7.333333333333333,72.0,37.0,3.666666666666667,-141.0,-3.364418130158859,-4.750712491278749,-5.849324779946859,-5.338499156180869,-0.9589756517251055,0,0.0945871914290662
46,316,1311,201658,Carmen Klaschka,2010-05-03,72.0,11.0,2,0.0,0.6666666666666666,245.0,205.0,132.0,11.0,211472,Oleksandra Korashvili,2015-07-27,48.0,5.8,0,,0.4,582.0,38.0,0.0,,24.0,-337.0,,167.0,-1.1786549963416462,-2.5649493574615367,-3.6635616461296463,-3.152736022363656,1.2267874820921072,0,0.2387138967746724
47,316,1315,201658,Carmen Klaschka,2010-05-03,72.0,11.0,2,0.0,0.6666666666666666,245.0,205.0,132.0,11.0,211533,Jelena Ostapenko,2024-09-09,0.0,7.3,2,3.9444444444444446,0.5,12.0,3008.0,158.0,8.092592592592593,72.0,233.0,2.9074074074074066,-2803.0,-5.524456426842045,-6.910750787961936,-8.009363076630045,-7.4985374528640545,-3.1190139484082913,0,0.015963390516941123
48,316,1385,201658,Carmen Klaschka,2010-05-03,72.0,11.0,2,0.0,0.6666666666666666,245.0,205.0,132.0,11.0,211977,Adrijana Lekaj,2023-04-15,0.0,,4,,0.5,,,316.0,,72.0,,,,,,,,,1,0.650710775853333
49,316,1394,201658,Carmen Klaschka,2010-05-03,72.0,11.0,2,0.0,0.6666666666666666,245.0,205.0,132.0,11.0,212044,Katharina Gerlach,2022-08-29,0.0,11.5,0,1.2,0.3,251.0,261.0,0.0,9.6,72.0,-6.0,1.4000000000000004,-56.0,-3.0834378539730967,-4.4697322150929875,-5.568344503761097,-5.057518879995106,-0.6779953755393431,0,0.11158432617932912
50,316,1457,201658,Carmen Klaschka,2010-05-03,72.0,11.0,2,0.0,0.6666666666666666,245.0,205.0,132.0,11.0,212302,Lesedi Sheya Jacobs,2015-04-17,0.0,,0,,0.0,,,0.0,,72.0,,,,,,,,,1,0.650710775853333
51,316,1691,201658,Carmen Klaschka,2010-05-03,72.0,11.0,2,0.0,0.6666666666666666,245.0,205.0,132.0,11.0,214646,Xiaodi You,2024-10-28,112.0,7.7,5,2.4375,0.4,306.0,207.0,517.0,9.0,-40.0,-61.0,2.0,-2.0,-2.8526314299133175,-4.238925791033208,-5.337538079701318,-4.826712455935327,-0.4471889514795643,0,0.05608228053444906
52,316,1696,201658,Carmen Klaschka,2010-05-03,72.0,11.0,2,0.0,0.6666666666666666,245.0,205.0,132.0,11.0,214679,Sunam Jeong,2019-02-09,0.0,9.0,0,1.0,0.3333333333333333,582.0,27.0,0.0,9.333333333333334,72.0,-337.0,1.666666666666666,178.0,-0.8472978603872037,-2.2335922215070942,-3.332204510175204,-2.8213788864092133,1.55814461804655,0,0.34629788801257844
53,316,1726,201658,Carmen Klaschka,2010-05-03,72.0,11.0,2,0.0,0.6666666666666666,245.0,205.0,132.0,11.0,214882,Oliwia Szymczuch,2015-04-06,28.0,,0,,1.0,,,0.0,,44.0,,,,,,,,,1,0.5948013729095352
54,316,1762,201658,Carmen Klaschka,2010-05-03,72.0,11.0,2,0.0,0.6666666666666666,245.0,205.0,132.0,11.0,215064,Maria Mateas,2024-08-26,0.0,7.777777777777778,0,2.0,0.3333333333333333,190.0,369.0,0.0,6.333333333333333,72.0,55.0,4.666666666666667,-164.0,-3.42859635585027,-4.814890716970161,-5.91350300563827,-5.402677381872279,-1.0231538774165163,0,0.0898389705836014
55,316,1764,201658,Carmen Klaschka,2010-05-03,72.0,11.0,2,0.0,0.6666666666666666,245.0,205.0,132.0,11.0,215096,Jaimee Fourlis,2024-05-27,0.0,8.2,0,1.9166666666666667,0.4,294.0,234.0,0.0,8.916666666666666,72.0,-49.0,2.083333333333334,-29.0,-2.9746788643561586,-4.360973225476049,-5.459585514144159,-4.948759890378168,-0.5692363859224051,0,0.12570503037998818
56,316,2047,201658,Carmen Klaschka,2010-05-03,72.0,11.0,2,0.0,0.6666666666666666,245.0,205.0,132.0,11.0,220757,Lia Karatancheva,2023-04-14,0.0,,3,,1.0,518.0,79.0,338.0,,72.0,-273.0,,126.0,-1.8971199848858813,-3.283414346005772,-4.382026634673881,-3.871201010907891,0.5083224935478722,0,0.24694269610574968
57,316,2218,201658,Carmen Klaschka,2010-05-03,72.0,11.0,2,0.0,0.6666666666666666,245.0,205.0,132.0,11.0,222034,Reese Brantmeier,2022-03-07,0.0,6.333333333333333,0,4.0,0.5,525.0,84.0,0.0,6.0,72.0,-280.0,5.0,121.0,-1.957744606702316,-3.3440389678222067,-4.442651256490317,-3.9318256327243257,0.4476978717314373,0,0.2524938745576123
58,316,2275,201658,Carmen Klaschka,2010-05-03,72.0,11.0,2,0.0,0.6666666666666666,245.0,205.0,132.0,11.0,223135,Shaira Hope Rivera,2020-02-08,0.0,1.0,1,4.0,1.0,,,37.0,1.0,72.0,,10.0,,,,,,,1,0.666471101511185
59,316,2318,201658,Carmen Klaschka,2010-05-03,72.0,11.0,2,0.0,0.6666666666666666,245.0,205.0,132.0,11.0,232447,Celine Naef,2024-08-26,152.0,9.5,0,3.076923076923077,0.3,177.0,400.0,0.0,8.461538461538462,-80.0,68.0,2.5384615384615383,-195.0,-3.509054777518569,-4.895349138638459,-5.993961427306569,-5.483135803540579,-1.1036122990848154,0,0.02448419919265278
60,316,2338,201658,Carmen Klaschka,2010-05-03,72.0,11.0,2,0.0,0.6666666666666666,245.0,205.0,132.0,11.0,239129,Lina Soussi,2024-09-09,0.0,,0,,,,,0.0,,72.0,,,,,,,,,1,0.650710775853333
61,316,2458,201658,Carmen Klaschka,2010-05-03,72.0,11.0,2,0.0,0.6666666666666666,245.0,205.0,132.0,11.0,267256,Melinda Biro,2024-07-15,0.0,,0,,,,,0.0,,72.0,,,,,,,,,1,0.650710775853333
62,335,1,201678,Sacha Jones,2018-01-01,0.0,12.714285714285714,0,,0.2,,,0.0,,200002,Mirjana Lucic,2018-01-15,138.0,10.8,3,2.972972972972973,0.4,30.0,1618.0,234.0,9.027027027027026,-138.0,,,,-4.771125911265112,-7.389563953677635,,-7.2072423968836805,-7.389563953677635,0,0.025151952323117333
63,335,316,201678,Sacha Jones,2018-01-01,0.0,12.714285714285714,0,,0.2,,,0.0,,201658,Carmen Klaschka,2010-05-03,72.0,11.0,2,0.0,0.6666666666666666,245.0,205.0,132.0,11.0,-72.0,,,,-2.709438126377058,-5.327876168789581,,-5.145554611995626,-5.327876168789581,0,0.05371341593072265
64,335,378,201678,Sacha Jones,2018-01-01,0.0,12.714285714285714,0,,0.2,,,0.0,,202306,Diana Ospina,2012-09-10,0.0,,0,,,595.0,44.0,0.0,,0.0,,,,-1.188224447357797,-3.8066624897703196,,-3.624340932976365,-3.8066624897703196,0,0.11019144543011379
65,335,463,201678,Sacha Jones,2018-01-01,0.0,12.714285714285714,0,,0.2,,,0.0,,202459,Bojana Bobusic,2013-01-14,0.0,10.0,5,2.1666666666666665,0.375,307.0,152.0,549.0,10.666666666666666,0.0,,,,-2.4119998789799126,-5.030437921392435,,-4.848116364598481,-5.030437921392435,0,0.0976719101818538
66,335,485,201678,Sacha Jones,2018-01-01,0.0,12.714285714285714,0,,0.2,,,0.0,,202481,Chi Chi Scholl,2014-09-08,0.0,9.833333333333334,0,,0.0,454.0,69.0,0.0,,0.0,,,,-1.630057199636836,-4.248495242049359,,-4.0661736852554045,-4.248495242049359,0,0.10551689958324093
67,335,627,201678,Sacha Jones,2018-01-01,0.0,12.714285714285714,0,,0.2,,,0.0,,202703,Constance Sibille,2015-05-18,60.0,10.0,0,1.0,0.3333333333333333,320.0,116.0,0.0,15.0,-60.0,,,,-2.143735892385233,-4.762173934797756,,-4.579852378003801,-4.762173934797756,0,0.06270610113941832
68,335,835,201678,Sacha Jones,2018-01-01,0.0,12.714285714285714,0,,0.2,,,0.0,,204271,Biljana Pawlowa Dimitrova,2010-02-05,0.0,,0,,,857.0,14.0,0.0,,0.0,,,,-0.08961215868968717,-2.70805020110221,,-2.5257286443082556,-2.70805020110221,0,0.1226066667499313
69,335,847,201678,Sacha Jones,2018-01-01,0.0,12.714285714285714,0,,0.2,,,0.0,,204292,Hyojung Yea,2011-09-19,0.0,11.0,0,0.0,0.0,1108.0,7.0,0.0,11.0,0.0,,,,0.5389965007326869,-2.0794415416798357,,-1.8971199848858813,-2.0794415416798357,0,0.13023906653315145
70,335,893,201678,Sacha Jones,2018-01-01,0.0,12.714285714285714,0,,0.2,,,0.0,,204339,Yue Fei,2010-09-13,0.0,,0,,,,,0.0,,0.0,,,,,,,,,0,0.4647832042393757
71,335,986,201678,Sacha Jones,2018-01-01,0.0,12.714285714285714,0,,0.2,,,0.0,,204433,Syna Kayser,2012-05-21,0.0,,0,,,609.0,45.0,0.0,,0.0,,,,-1.210203354076572,-3.828641396489095,,-3.6463198396951406,-3.828641396489095,0,0.10995468406449149
72,335,1017,201678,Sacha Jones,2018-01-01,0.0,12.714285714285714,0,,0.2,,,0.0,,205789,Na Ri Kim,2022-04-16,0.0,5.25,0,,0.5714285714285714,1535.0,4.0,0.0,,0.0,,,,1.0090001299784226,-1.6094379124341003,,-1.4271163556401458,-1.6094379124341003,0,0.13620658292154197
73,335,1175,201678,Sacha Jones,2018-01-01,0.0,12.714285714285714,0,,0.2,,,0.0,,209919,Carina Litfin,2014-05-19,0.0,,0,,,,,0.0,,0.0,,,,,,,,,0,0.4647832042393757
74,335,1179,201678,Sacha Jones,2018-01-01,0.0,12.714285714285714,0,,0.2,,,0.0,,210064,Denise Muresan,2014-09-08,0.0,,0,,,421.0,79.0,0.0,,0.0,,,,-1.7635885922613588,-4.382026634673881,,-4.199705077879927,-4.382026634673881,0,0.10413895805184757
75,335,1230,201678,Sacha Jones,2018-01-01,0.0,12.714285714285714,0,,0.2,,,0.0,,210884,Melisa Martinov,2012-04-20,0.0,,0,,,,,0.0,,0.0,,,,,,,,,0,0.4647832042393757
76,335,1278,201678,Sacha Jones,2018-01-01,0.0,12.714285714285714,0,,0.2,,,0.0,,211260,Marie Benoit,2024-11-15,0.0,10.0,0,1.6666666666666667,0.2,208.0,346.0,0.0,7.333333333333333,0.0,,,,-3.230886737534336,-5.849324779946859,,-5.667003223152904,-5.849324779946859,0,0.09001791642923307
77,335,1311,201678,Sacha Jones,2018-01-01,0.0,12.714285714285714,0,,0.2,,,0.0,,211472,Oleksandra Korashvili,2015-07-27,48.0,5.8,0,,0.4,582.0,38.0,0.0,,-48.0,,,,-1.0451236037171237,-3.6635616461296463,,-3.481240089335692,-3.6635616461296463,0,0.07715889934768197
78,335,1315,201678,Sacha Jones,2018-01-01,0.0,12.714285714285714,0,,0.2,,,0.0,,211533,Jelena Ostapenko,2024-09-09,0.0,7.3,2,3.9444444444444446,0.5,12.0,3008.0,158.0,8.092592592592593,0.0,,,,-5.390925034217522,-8.009363076630045,,-7.827041519836091,-8.009363076630045,0,0.07236248736379405
79,335,1385,201678,Sacha Jones,2018-01-01,0.0,12.714285714285714,0,,0.2,,,0.0,,211977,Adrijana Lekaj,2023-04-15,0.0,,4,,0.5,,,316.0,,0.0,,,,,,,,,0,0.4647832042393757
80,335,1394,201678,Sacha Jones,2018-01-01,0.0,12.714285714285714,0,,0.2,,,0.0,,212044,Katharina Gerlach,2022-08-29,0.0,11.5,0,1.2,0.3,251.0,261.0,0.0,9.6,0.0,,,,-2.949906461348574,-5.568344503761097,,-5.386022946967143,-5.568344503761097,0,0.09258127252853762
81,335,1457,201678,Sacha Jones,2018-01-01,0.0,12.714285714285714,0,,0.2,,,0.0,,212302,Lesedi Sheya Jacobs,2015-04-17,0.0,,0,,0.0,,,0.0,,0.0,,,,,,,,,0,0.4647832042393757
82,335,1691,201678,Sacha Jones,2018-01-01,0.0,12.714285714285714,0,,0.2,,,0.0,,214646,Xiaodi You,2024-10-28,112.0,7.7,5,2.4375,0.4,306.0,207.0,517.0,9.0,-112.0,,,,-2.7191000372887952,-5.337538079701318,,-5.155216522907364,-5.337538079701318,0,0.03877641178552698
83,335,1696,201678,Sacha Jones,2018-01-01,0.0,12.714285714285714,0,,0.2,,,0.0,,214679,Sunam Jeong,2019-02-09,0.0,9.0,0,1.0,0.3333333333333333,582.0,27.0,0.0,9.333333333333334,0.0,,,,-0.713766467762681,-3.332204510175204,,-3.1498829533812494,-3.332204510175204,0,0.11541222193155622
84,335,1726,201678,Sacha Jones,2018-01-01,0.0,12.714285714285714,0,,0.2,,,0.0,,214882,Oliwia Szymczuch,2015-04-06,28.0,,0,,1.0,,,0.0,,-28.0,,,,,,,,,0,0.40626784344833733
85,335,1762,201678,Sacha Jones,2018-01-01,0.0,12.714285714285714,0,,0.2,,,0.0,,215064,Maria Mateas,2024-08-26,0.0,7.777777777777778,0,2.0,0.3333333333333333,190.0,369.0,0.0,6.333333333333333,0.0,,,,-3.295064963225747,-5.91350300563827,,-5.731181448844316,-5.91350300563827,0,0.08944146544663423
86,335,1764,201678,Sacha Jones,2018-01-01,0.0,12.714285714285714,0,,0.2,,,0.0,,215096,Jaimee Fourlis,2024-05-27,0.0,8.2,0,1.9166666666666667,0.4,294.0,234.0,0.0,8.916666666666666,0.0,,,,-2.8411474717316363,-5.459585514144159,,-5.277263957350204,-5.459585514144159,0,0.09359094780956845
87,335,2047,201678,Sacha Jones,2018-01-01,0.0,12.714285714285714,0,,0.2,,,0.0,,220757,Lia Karatancheva,2023-04-14,0.0,,3,,1.0,518.0,79.0,338.0,,0.0,,,,-1.7635885922613588,-4.382026634673881,,-4.199705077879927,-4.382026634673881,0,0.10413895805184757
88,335,2218,201678,Sacha Jones,2018-01-01,0.0,12.714285714285714,0,,0.2,,,0.0,,222034,Reese Brantmeier,2022-03-07,0.0,6.333333333333333,0,4.0,0.5,525.0,84.0,0.0,6.0,0.0,,,,-1.8242132140777936,-4.442651256490317,,-4.260329699696362,-4.442651256490317,0,0.10351862323726839
89,335,2275,201678,Sacha Jones,2018-01-01,0.0,12.714285714285714,0,,0.2,,,0.0,,223135,Shaira Hope Rivera,2020-02-08,0.0,1.0,1,4.0,1.0,,,37.0,1.0,0.0,,,,,,,,,0,0.4647832042393757
90,335,2318,201678,Sacha Jones,2018-01-01,0.0,12.714285714285714,0,,0.2,,,0.0,,232447,Celine Naef,2024-08-26,152.0,9.5,0,3.076923076923077,0.3,177.0,400.0,0.0,8.461538461538462,-152.0,,,,-3.3755233848940462,-5.993961427306569,,-5.811639870512614,-5.993961427306569,0,0.026007192958890514
91,335,2338,201678,Sacha Jones,2018-01-01,0.0,12.714285714285714,0,,0.2,,,0.0,,239129,Lina Soussi,2024-09-09,0.0,,0,,,,,0.0,,0.0,,,,,,,,,0,0.4647832042393757
92,335,2458,201678,Sacha Jones,2018-01-01,0.0,12.714285714285714,0,,0.2,,,0.0,,267256,Melinda Biro,2024-07-15,0.0,,0,,,,,0.0,,0.0,,,,,,,,,0,0.4647832042393757
93,378,1,202306,Diana Ospina,2012-09-10,0.0,,0,,,595.0,44.0,0.0,,200002,Mirjana Lucic,2018-01-15,138.0,10.8,3,2.972972972972973,0.4,30.0,1618.0,234.0,9.027027027027026,-138.0,565.0,,-1574.0,,-7.389563953677635,,,-7.389563953677635,0,0.02089202339077277
94,378,316,202306,Diana Ospina,2012-09-10,0.0,,0,,,595.0,44.0,0.0,,201658,Carmen Klaschka,2010-05-03,72.0,11.0,2,0.0,0.6666666666666666,245.0,205.0,132.0,11.0,-72.0,350.0,,-161.0,,-5.327876168789581,,,-5.327876168789581,0,0.11148893722789482
95,378,335,202306,Diana Ospina,2012-09-10,0.0,,0,,,595.0,44.0,0.0,,201678,Sacha Jones,2018-01-01,0.0,12.714285714285714,0,,0.2,,,0.0,,0.0,,,,,,,,,1,0.5492690023530942
96,378,463,202306,Diana Ospina,2012-09-10,0.0,,0,,,595.0,44.0,0.0,,202459,Bojana Bobusic,2013-01-14,0.0,10.0,5,2.1666666666666665,0.375,307.0,152.0,549.0,10.666666666666666,0.0,288.0,,-108.0,,-5.030437921392435,,,-5.030437921392435,0,0.2194474675006619
97,378,485,202306,Diana Ospina,2012-09-10,0.0,,0,,,595.0,44.0,0.0,,202481,Chi Chi Scholl,2014-09-08,0.0,9.833333333333334,0,,0.0,454.0,69.0,0.0,,0.0,141.0,,-25.0,,-4.248495242049359,,,-4.248495242049359,0,0.3080939272711679
98,378,627,202306,Diana Ospina,2012-09-10,0.0,,0,,,595.0,44.0,0.0,,202703,Constance Sibille,2015-05-18,60.0,10.0,0,1.0,0.3333333333333333,320.0,116.0,0.0,15.0,-60.0,275.0,,-72.0,,-4.762173934797756,,,-4.762173934797756,0,0.1548259393198159
99,378,835,202306,Diana Ospina,2012-09-10,0.0,,0,,,595.0,44.0,0.0,,204271,Biljana Pawlowa Dimitrova,2010-02-05,0.0,,0,,,857.0,14.0,0.0,,0.0,-262.0,,30.0,,-2.70805020110221,,,-2.70805020110221,1,0.5744139954289093
100,378,847,202306,Diana Ospina,2012-09-10,0.0,,0,,,595.0,44.0,0.0,,204292,Hyojung Yea,2011-09-19,0.0,11.0,0,0.0,0.0,1108.0,7.0,0.0,11.0,0.0,-513.0,,37.0,,-2.0794415416798357,,,-2.0794415416798357,1,0.7165492118926204
101,378,893,202306,Diana Ospina,2012-09-10,0.0,,0,,,595.0,44.0,0.0,,204339,Yue Fei,2010-09-13,0.0,,0,,,,,0.0,,0.0,,,,,,,,,1,0.5492690023530942
102,378,986,202306,Diana Ospina,2012-09-10,0.0,,0,,,595.0,44.0,0.0,,204433,Syna Kayser,2012-05-21,0.0,,0,,,609.0,45.0,0.0,,0.0,-14.0,,-1.0,,-3.828641396489095,,,-3.828641396489095,0,0.3988157053020893
103,378,1017,202306,Diana Ospina,2012-09-10,0.0,,0,,,595.0,44.0,0.0,,205789,Na Ri Kim,2022-04-16,0.0,5.25,0,,0.5714285714285714,1535.0,4.0,0.0,,0.0,-940.0,,40.0,,-1.6094379124341003,,,-1.6094379124341003,1,0.8690510129018676
104,378,1175,202306,Diana Ospina,2012-09-10,0.0,,0,,,595.0,44.0,0.0,,209919,Carina Litfin,2014-05-19,0.0,,0,,,,,0.0,,0.0,,,,,,,,,1,0.5492690023530942
105,378,1179,202306,Diana Ospina,2012-09-10,0.0,,0,,,595.0,44.0,0.0,,210064,Denise Muresan,2014-09-08,0.0,,0,,,421.0,79.0,0.0,,0.0,174.0,,-35.0,,-4.382026634673881,,,-4.382026634673881,0,0.28849240954267286
106,378,1230,202306,Diana Ospina,2012-09-10,0.0,,0,,,595.0,44.0,0.0,,210884,Melisa Martinov,2012-04-20,0.0,,0,,,,,0.0,,0.0,,,,,,,,,1,0.5492690023530942
107,378,1278,202306,Diana Ospina,2012-09-10,0.0,,0,,,595.0,44.0,0.0,,211260,Marie Benoit,2024-11-15,0.0,10.0,0,1.6666666666666667,0.2,208.0,346.0,0.0,7.333333333333333,0.0,387.0,,-302.0,,-5.849324779946859,,,-5.849324779946859,0,0.15864767561012794
108,378,1311,202306,Diana Ospina,2012-09-10,0.0,,0,,,595.0,44.0,0.0,,211472,Oleksandra Korashvili,2015-07-27,48.0,5.8,0,,0.4,582.0,38.0,0.0,,-48.0,13.0,,6.0,,-3.6635616461296463,,,-3.6635616461296463,0,0.30039294429403757
109,378,1315,202306,Diana Ospina,2012-09-10,0.0,,0,,,595.0,44.0,0.0,,211533,Jelena Ostapenko,2024-09-09,0.0,7.3,2,3.9444444444444446,0.5,12.0,3008.0,158.0,8.092592592592593,0.0,583.0,,-2964.0,,-8.009363076630045,,,-8.009363076630045,0,0.038157829335215915
110,378,1385,202306,Diana Ospina,2012-09-10,0.0,,0,,,595.0,44.0,0.0,,211977,Adrijana Lekaj,2023-04-15,0.0,,4,,0.5,,,316.0,,0.0,,,,,,,,,1,0.5492690023530942
111,378,1394,202306,Diana Ospina,2012-09-10,0.0,,0,,,595.0,44.0,0.0,,212044,Katharina Gerlach,2022-08-29,0.0,11.5,0,1.2,0.3,251.0,261.0,0.0,9.6,0.0,344.0,,-217.0,,-5.568344503761097,,,-5.568344503761097,0,0.1813781054954295
112,378,1457,202306,Diana Ospina,2012-09-10,0.0,,0,,,595.0,44.0,0.0,,212302,Lesedi Sheya Jacobs,2015-04-17,0.0,,0,,0.0,,,0.0,,0.0,,,,,,,,,1,0.5492690023530942
113,378,1691,202306,Diana Ospina,2012-09-10,0.0,,0,,,595.0,44.0,0.0,,214646,Xiaodi You,2024-10-28,112.0,7.7,5,2.4375,0.4,306.0,207.0,517.0,9.0,-112.0,289.0,,-163.0,,-5.337538079701318,,,-5.337538079701318,0,0.09181376588702744
114,378,1696,202306,Diana Ospina,2012-09-10,0.0,,0,,,595.0,44.0,0.0,,214679,Sunam Jeong,2019-02-09,0.0,9.0,0,1.0,0.3333333333333333,582.0,27.0,0.0,9.333333333333334,0.0,13.0,,17.0,,-3.332204510175204,,,-3.332204510175204,0,0.4064905768949653
115,378,1726,202306,Diana Ospina,2012-09-10,0.0,,0,,,595.0,44.0,0.0,,214882,Oliwia Szymczuch,2015-04-06,28.0,,0,,1.0,,,0.0,,-28.0,,,,,,,,,0,0.4898520879518131
116,378,1762,202306,Diana Ospina,2012-09-10,0.0,,0,,,595.0,44.0,0.0,,215064,Maria Mateas,2024-08-26,0.0,7.777777777777778,0,2.0,0.3333333333333333,190.0,369.0,0.0,6.333333333333333,0.0,405.0,,-325.0,,-5.91350300563827,,,-5.91350300563827,0,0.15145901463135172
117,378,1764,202306,Diana Ospina,2012-09-10,0.0,,0,,,595.0,44.0,0.0,,215096,Jaimee Fourlis,2024-05-27,0.0,8.2,0,1.9166666666666667,0.4,294.0,234.0,0.0,8.916666666666666,0.0,301.0,,-190.0,,-5.459585514144159,,,-5.459585514144159,0,0.1991408286709304
118,378,2047,202306,Diana Ospina,2012-09-10,0.0,,0,,,595.0,44.0,0.0,,220757,Lia Karatancheva,2023-04-14,0.0,,3,,1.0,518.0,79.0,338.0,,0.0,77.0,,-35.0,,-4.382026634673881,,,-4.382026634673881,0,0.33149678103395086
119,378,2218,202306,Diana Ospina,2012-09-10,0.0,,0,,,595.0,44.0,0.0,,222034,Reese Brantmeier,2022-03-07,0.0,6.333333333333333,0,4.0,0.5,525.0,84.0,0.0,6.0,0.0,70.0,,-40.0,,-4.442651256490317,,,-4.442651256490317,0,0.33215146445929267
120,378,2275,202306,Diana Ospina,2012-09-10,0.0,,0,,,595.0,44.0,0.0,,223135,Shaira Hope Rivera,2020-02-08,0.0,1.0,1,4.0,1.0,,,37.0,1.0,0.0,,,,,,,,,1,0.5492690023530942
121,378,2318,202306,Diana Ospina,2012-09-10,0.0,,0,,,595.0,44.0,0.0,,232447,Celine Naef,2024-08-26,152.0,9.5,0,3.076923076923077,0.3,177.0,400.0,0.0,8.461538461538462,-152.0,418.0,,-356.0,,-5.993961427306569,,,-5.993961427306569,0,0.044510204056082296
122,378,2338,202306,Diana Ospina,2012-09-10,0.0,,0,,,595.0,44.0,0.0,,239129,Lina Soussi,2024-09-09,0.0,,0,,,,,0.0,,0.0,,,,,,,,,1,0.5492690023530942
123,378,2458,202306,Diana Ospina,2012-09-10,0.0,,0,,,595.0,44.0,0.0,,267256,Melinda Biro,2024-07-15,0.0,,0,,,,,0.0,,0.0,,,,,,,,,1,0.5492690023530942
124,463,1,202459,Bojana Bobusic,2013-01-14,0.0,10.0,5,2.1666666666666665,0.375,307.0,152.0,549.0,10.666666666666666,200002,Mirjana Lucic,2018-01-15,138.0,10.8,3,2.972972972972973,0.4,30.0,1618.0,234.0,9.027027027027026,-138.0,277.0,1.6396396396396398,-1466.0,-4.991668680879265,-5.59780448444958,-6.23688444373925,-7.0711102225591,-1.0796456754511186,0,0.006107781281143094
125,463,316,202459,Bojana Bobusic,2013-01-14,0.0,10.0,5,2.1666666666666665,0.375,307.0,152.0,549.0,10.666666666666666,201658,Carmen Klaschka,2010-05-03,72.0,11.0,2,0.0,0.6666666666666666,245.0,205.0,132.0,11.0,-72.0,62.0,-0.3333333333333339,-53.0,-2.9299808959912106,-3.536116699561526,-4.1751966588511955,-5.009422437671047,0.9820421094369356,0,0.045241210457315016
126,463,335,202459,Bojana Bobusic,2013-01-14,0.0,10.0,5,2.1666666666666665,0.375,307.0,152.0,549.0,10.666666666666666,201678,Sacha Jones,2018-01-01,0.0,12.714285714285714,0,,0.2,,,0.0,,0.0,,,,,,,,,1,0.5103207885713558
127,463,378,202459,Bojana Bobusic,2013-01-14,0.0,10.0,5,2.1666666666666665,0.375,307.0,152.0,549.0,10.666666666666666,202306,Diana Ospina,2012-09-10,0.0,,0,,,595.0,44.0,0.0,,0.0,-288.0,,108.0,-1.4087672169719492,-2.0149030205422647,-2.6539829798319343,-3.488208758651785,2.5032557884561966,0,0.23203451766921362
128,463,485,202459,Bojana Bobusic,2013-01-14,0.0,10.0,5,2.1666666666666665,0.375,307.0,152.0,549.0,10.666666666666666,202481,Chi Chi Scholl,2014-09-08,0.0,9.833333333333334,0,,0.0,454.0,69.0,0.0,,0.0,-147.0,,83.0,-1.8505999692509885,-2.456735772821304,-3.0958157321109736,-3.9300415109308244,2.0614230361771577,0,0.16363372257533054
129,463,627,202459,Bojana Bobusic,2013-01-14,0.0,10.0,5,2.1666666666666665,0.375,307.0,152.0,549.0,10.666666666666666,202703,Constance Sibille,2015-05-18,60.0,10.0,0,1.0,0.3333333333333333,320.0,116.0,0.0,15.0,-60.0,-13.0,-4.333333333333334,36.0,-2.3642786619993856,-2.9704144655697013,-3.6094944248593706,-4.443720203679222,1.5477443434287605,0,0.06780116156595795
130,463,835,202459,Bojana Bobusic,2013-01-14,0.0,10.0,5,2.1666666666666665,0.375,307.0,152.0,549.0,10.666666666666666,204271,Biljana Pawlowa Dimitrova,2010-02-05,0.0,,0,,,857.0,14.0,0.0,,0.0,-550.0,,138.0,-0.3101549283038396,-0.916290731874155,-1.5553706911638245,-2.3895964699836756,3.6018680771243066,0,0.4231839366234911
131,463,847,202459,Bojana Bobusic,2013-01-14,0.0,10.0,5,2.1666666666666665,0.375,307.0,152.0,549.0,10.666666666666666,204292,Hyojung Yea,2011-09-19,0.0,11.0,0,0.0,0.0,1108.0,7.0,0.0,11.0,0.0,-801.0,-0.3333333333333339,145.0,0.3184537311185346,-0.2876820724517809,-0.9267620317414506,-1.7609878105613013,4.230476736546681,1,0.5992413935584286
132,463,893,202459,Bojana Bobusic,2013-01-14,0.0,10.0,5,2.1666666666666665,0.375,307.0,152.0,549.0,10.666666666666666,204339,Yue Fei,2010-09-13,0.0,,0,,,,,0.0,,0.0,,,,,,,,,1,0.5103207885713558
133,463,986,202459,Bojana Bobusic,2013-01-14,0.0,10.0,5,2.1666666666666665,0.375,307.0,152.0,549.0,10.666666666666666,204433,Syna Kayser,2012-05-21,0.0,,0,,,609.0,45.0,0.0,,0.0,-302.0,,107.0,-1.4307461236907244,-2.03688192726104,-2.6759618865507093,-3.51018766537056,2.4812768817374216,0,0.23598921032441678
134,463,1017,202459,Bojana Bobusic,2013-01-14,0.0,10.0,5,2.1666666666666665,0.375,307.0,152.0,549.0,10.666666666666666,205789,Na Ri Kim,2022-04-16,0.0,5.25,0,,0.5714285714285714,1535.0,4.0,0.0,,0.0,-1228.0,,148.0,0.7884573603642703,0.1823215567939546,-0.456758402495715,-1.2909841813155656,4.700480365792417,1,0.8076406440061078
135,463,1175,202459,Bojana Bobusic,2013-01-14,0.0,10.0,5,2.1666666666666665,0.375,307.0,152.0,549.0,10.666666666666666,209919,Carina Litfin,2014-05-19,0.0,,0,,,,,0.0,,0.0,,,,,,,,,1,0.5103207885713558
136,463,1179,202459,Bojana Bobusic,2013-01-14,0.0,10.0,5,2.1666666666666665,0.375,307.0,152.0,549.0,10.666666666666666,210064,Denise Muresan,2014-09-08,0.0,,0,,,421.0,79.0,0.0,,0.0,-114.0,,73.0,-1.984131361875511,-2.5902671654458267,-3.2293471247354963,-4.063572903555347,1.927891643552635,0,0.14886215048611023
137,463,1230,202459,Bojana Bobusic,2013-01-14,0.0,10.0,5,2.1666666666666665,0.375,307.0,152.0,549.0,10.666666666666666,210884,Melisa Martinov,2012-04-20,0.0,,0,,,,,0.0,,0.0,,,,,,,,,1,0.5103207885713558
138,463,1278,202459,Bojana Bobusic,2013-01-14,0.0,10.0,5,2.1666666666666665,0.375,307.0,152.0,549.0,10.666666666666666,211260,Marie Benoit,2024-11-15,0.0,10.0,0,1.6666666666666667,0.2,208.0,346.0,0.0,7.333333333333333,0.0,99.0,3.333333333333333,-194.0,-3.4514295071484886,-4.057565310718804,-4.6966452700084735,-5.530871048828325,0.46059349827965745,0,0.06365656710650422
139,463,1311,202459,Bojana Bobusic,2013-01-14,0.0,10.0,5,2.1666666666666665,0.375,307.0,152.0,549.0,10.666666666666666,211472,Oleksandra Korashvili,2015-07-27,48.0,5.8,0,,0.4,582.0,38.0,0.0,,-48.0,-275.0,,114.0,-1.2656663733312759,-1.8718021769015913,-2.510882136191261,-3.345107915011112,2.6463566320968703,0,0.1698039039355836
140,463,1315,202459,Bojana Bobusic,2013-01-14,0.0,10.0,5,2.1666666666666665,0.375,307.0,152.0,549.0,10.666666666666666,211533,Jelena Ostapenko,2024-09-09,0.0,7.3,2,3.9444444444444446,0.5,12.0,3008.0,158.0,8.092592592592593,0.0,295.0,2.5740740740740726,-2856.0,-5.611467803831674,-6.2176036074019905,-6.85668356669166,-7.6909093455115105,-1.6994447984035286,0,0.010446611915895077
141,463,1385,202459,Bojana Bobusic,2013-01-14,0.0,10.0,5,2.1666666666666665,0.375,307.0,152.0,549.0,10.666666666666666,211977,Adrijana Lekaj,2023-04-15,0.0,,4,,0.5,,,316.0,,0.0,,,,,,,,,1,0.5103207885713558
142,463,1394,202459,Bojana Bobusic,2013-01-14,0.0,10.0,5,2.1666666666666665,0.375,307.0,152.0,549.0,10.666666666666666,212044,Katharina Gerlach,2022-08-29,0.0,11.5,0,1.2,0.3,251.0,261.0,0.0,9.6,0.0,56.0,1.0666666666666664,-109.0,-3.1704492309627264,-3.776585034533042,-4.415664993822712,-5.249890772642562,0.7415737744654197,0,0.0755593746650465
143,463,1457,202459,Bojana Bobusic,2013-01-14,0.0,10.0,5,2.1666666666666665,0.375,307.0,152.0,549.0,10.666666666666666,212302,Lesedi Sheya Jacobs,2015-04-17,0.0,,0,,0.0,,,0.0,,0.0,,,,,,,,,1,0.5103207885713558
144,463,1691,202459,Bojana Bobusic,2013-01-14,0.0,10.0,5,2.1666666666666665,0.375,307.0,152.0,549.0,10.666666666666666,214646,Xiaodi You,2024-10-28,112.0,7.7,5,2.4375,0.4,306.0,207.0,517.0,9.0,-112.0,1.0,1.666666666666666,-55.0,-2.9396428069029477,-3.545778610473263,-4.184858569762932,-5.019084348582783,0.9723801985251986,0,0.037225327940531655
145,463,1696,202459,Bojana Bobusic,2013-01-14,0.0,10.0,5,2.1666666666666665,0.375,307.0,152.0,549.0,10.666666666666666,214679,Sunam Jeong,2019-02-09,0.0,9.0,0,1.0,0.3333333333333333,582.0,27.0,0.0,9.333333333333334,0.0,-275.0,1.3333333333333321,125.0,-0.9343092373768334,-1.540445040947149,-2.1795250002368185,-3.0137507790566693,2.977713768051313,0,0.25636209964975004
146,463,1726,202459,Bojana Bobusic,2013-01-14,0.0,10.0,5,2.1666666666666665,0.375,307.0,152.0,549.0,10.666666666666666,214882,Oliwia Szymczuch,2015-04-06,28.0,,0,,1.0,,,0.0,,-28.0,,,,,,,,,0,0.45090227317338527
147,463,1762,202459,Bojana Bobusic,2013-01-14,0.0,10.0,5,2.1666666666666665,0.375,307.0,152.0,549.0,10.666666666666666,215064,Maria Mateas,2024-08-26,0.0,7.777777777777778,0,2.0,0.3333333333333333,190.0,369.0,0.0,6.333333333333333,0.0,117.0,4.333333333333333,-217.0,-3.5156077328398996,-4.121743536410215,-4.760823495699885,-5.595049274519735,0.39641527258824644,0,0.060357537658011946
148,463,1764,202459,Bojana Bobusic,2013-01-14,0.0,10.0,5,2.1666666666666665,0.375,307.0,152.0,549.0,10.666666666666666,215096,Jaimee Fourlis,2024-05-27,0.0,8.2,0,1.9166666666666667,0.4,294.0,234.0,0.0,8.916666666666666,0.0,13.0,1.75,-82.0,-3.0616902413457883,-3.667826044916104,-4.306906004205773,-5.1411317830256245,0.8503327640823577,0,0.08556026408487005
149,463,2047,202459,Bojana Bobusic,2013-01-14,0.0,10.0,5,2.1666666666666665,0.375,307.0,152.0,549.0,10.666666666666666,220757,Lia Karatancheva,2023-04-14,0.0,,3,,1.0,518.0,79.0,338.0,,0.0,-211.0,,73.0,-1.984131361875511,-2.5902671654458267,-3.2293471247354963,-4.063572903555347,1.927891643552635,0,0.1762070950211772
150,463,2218,202459,Bojana Bobusic,2013-01-14,0.0,10.0,5,2.1666666666666665,0.375,307.0,152.0,549.0,10.666666666666666,222034,Reese Brantmeier,2022-03-07,0.0,6.333333333333333,0,4.0,0.5,525.0,84.0,0.0,6.0,0.0,-218.0,4.666666666666666,68.0,-2.044755983691946,-2.6508917872622613,-3.289971746551931,-4.124197525371781,1.8672670217362002,0,0.18020393471786572
151,463,2275,202459,Bojana Bobusic,2013-01-14,0.0,10.0,5,2.1666666666666665,0.375,307.0,152.0,549.0,10.666666666666666,223135,Shaira Hope Rivera,2020-02-08,0.0,1.0,1,4.0,1.0,,,37.0,1.0,0.0,,9.666666666666666,,,,,,,1,0.5272366559622571
152,463,2318,202459,Bojana Bobusic,2013-01-14,0.0,10.0,5,2.1666666666666665,0.375,307.0,152.0,549.0,10.666666666666666,232447,Celine Naef,2024-08-26,152.0,9.5,0,3.076923076923077,0.3,177.0,400.0,0.0,8.461538461538462,-152.0,130.0,2.2051282051282044,-248.0,-3.5960661545081987,-4.202201958078514,-4.841281917368184,-5.675507696188035,0.31595685091994746,0,0.016070810845128663
153,463,2338,202459,Bojana Bobusic,2013-01-14,0.0,10.0,5,2.1666666666666665,0.375,307.0,152.0,549.0,10.666666666666666,239129,Lina Soussi,2024-09-09,0.0,,0,,,,,0.0,,0.0,,,,,,,,,1,0.5103207885713558
154,463,2458,202459,Bojana Bobusic,2013-01-14,0.0,10.0,5,2.1666666666666665,0.375,307.0,152.0,549.0,10.666666666666666,267256,Melinda Biro,2024-07-15,0.0,,0,,,,,0.0,,0.0,,,,,,,,,1,0.5103207885713558
155,485,1,202481,Chi Chi Scholl,2014-09-08,0.0,9.833333333333334,0,,0.0,454.0,69.0,0.0,,200002,Mirjana Lucic,2018-01-15,138.0,10.8,3,2.972972972972973,0.4,30.0,1618.0,234.0,9.027027027027026,-138.0,424.0,,-1549.0,-5.006936153010053,-7.389563953677635,,-7.389563953677635,-7.389563953677635,0,0.009064394697301609
156,485,316,202481,Chi Chi Scholl,2014-09-08,0.0,9.833333333333334,0,,0.0,454.0,69.0,0.0,,201658,Carmen Klaschka,2010-05-03,72.0,11.0,2,0.0,0.6666666666666666,245.0,205.0,132.0,11.0,-72.0,209.0,,-136.0,-2.945248368121999,-5.327876168789581,,-5.327876168789581,-5.327876168789581,0,0.0457003188089703
157,485,335,202481,Chi Chi Scholl,2014-09-08,0.0,9.833333333333334,0,,0.0,454.0,69.0,0.0,,201678,Sacha Jones,2018-01-01,0.0,12.714285714285714,0,,0.2,,,0.0,,0.0,,,,,,,,,1,0.5298396420450876
158,485,378,202481,Chi Chi Scholl,2014-09-08,0.0,9.833333333333334,0,,0.0,454.0,69.0,0.0,,202306,Diana Ospina,2012-09-10,0.0,,0,,,595.0,44.0,0.0,,0.0,-141.0,,25.0,-1.4240346891027376,-3.8066624897703196,,-3.8066624897703196,-3.8066624897703196,0,0.18474691472298443
159,485,463,202481,Chi Chi Scholl,2014-09-08,0.0,9.833333333333334,0,,0.0,454.0,69.0,0.0,,202459,Bojana Bobusic,2013-01-14,0.0,10.0,5,2.1666666666666665,0.375,307.0,152.0,549.0,10.666666666666666,0.0,147.0,,-83.0,-2.6478101207248534,-5.030437921392435,,-5.030437921392435,-5.030437921392435,0,0.09544367401110129
160,485,627,202481,Chi Chi Scholl,2014-09-08,0.0,9.833333333333334,0,,0.0,454.0,69.0,0.0,,202703,Constance Sibille,2015-05-18,60.0,10.0,0,1.0,0.3333333333333333,320.0,116.0,0.0,15.0,-60.0,134.0,,-47.0,-2.379546134130174,-4.762173934797756,,-4.762173934797756,-4.762173934797756,0,0.0634242648708588
161,485,835,202481,Chi Chi Scholl,2014-09-08,0.0,9.833333333333334,0,,0.0,454.0,69.0,0.0,,204271,Biljana Pawlowa Dimitrova,2010-02-05,0.0,,0,,,857.0,14.0,0.0,,0.0,-403.0,,55.0,-0.325422400434628,-2.70805020110221,,-2.70805020110221,-2.70805020110221,0,0.3076640665334892
162,485,847,202481,Chi Chi Scholl,2014-09-08,0.0,9.833333333333334,0,,0.0,454.0,69.0,0.0,,204292,Hyojung Yea,2011-09-19,0.0,11.0,0,0.0,0.0,1108.0,7.0,0.0,11.0,0.0,-654.0,,62.0,0.30318625898774626,-2.0794415416798357,,-2.0794415416798357,-2.0794415416798357,0,0.445473662815728
163,485,893,202481,Chi Chi Scholl,2014-09-08,0.0,9.833333333333334,0,,0.0,454.0,69.0,0.0,,204339,Yue Fei,2010-09-13,0.0,,0,,,,,0.0,,0.0,,,,,,,,,1,0.5298396420450876
164,485,986,202481,Chi Chi Scholl,2014-09-08,0.0,9.833333333333334,0,,0.0,454.0,69.0,0.0,,204433,Syna Kayser,2012-05-21,0.0,,0,,,609.0,45.0,0.0,,0.0,-155.0,,24.0,-1.4460135958215128,-3.828641396489095,,-3.828641396489095,-3.828641396489095,0,0.1887468023541071
165,485,1017,202481,Chi Chi Scholl,2014-09-08,0.0,9.833333333333334,0,,0.0,454.0,69.0,0.0,,205789,Na Ri Kim,2022-04-16,0.0,5.25,0,,0.5714285714285714,1535.0,4.0,0.0,,0.0,-1081.0,,65.0,0.7731898882334819,-1.6094379124341003,,-1.6094379124341003,-1.6094379124341003,1,0.6725436979729145
166,485,1175,202481,Chi Chi Scholl,2014-09-08,0.0,9.833333333333334,0,,0.0,454.0,69.0,0.0,,209919,Carina Litfin,2014-05-19,0.0,,0,,,,,0.0,,0.0,,,,,,,,,1,0.5298396420450876
167,485,1179,202481,Chi Chi Scholl,2014-09-08,0.0,9.833333333333334,0,,0.0,454.0,69.0,0.0,,210064,Denise Muresan,2014-09-08,0.0,,0,,,421.0,79.0,0.0,,0.0,33.0,,-10.0,-1.9993988340062994,-4.382026634673881,,-4.382026634673881,-4.382026634673881,0,0.12794061675376
168,485,1230,202481,Chi Chi Scholl,2014-09-08,0.0,9.833333333333334,0,,0.0,454.0,69.0,0.0,,210884,Melisa Martinov,2012-04-20,0.0,,0,,,,,0.0,,0.0,,,,,,,,,1,0.5298396420450876
169,485,1278,202481,Chi Chi Scholl,2014-09-08,0.0,9.833333333333334,0,,0.0,454.0,69.0,0.0,,211260,Marie Benoit,2024-11-15,0.0,10.0,0,1.6666666666666667,0.2,208.0,346.0,0.0,7.333333333333333,0.0,246.0,,-277.0,-3.466696979279277,-5.849324779946859,,-5.849324779946859,-5.849324779946859,0,0.06899836728993813
170,485,1311,202481,Chi Chi Scholl,2014-09-08,0.0,9.833333333333334,0,,0.0,454.0,69.0,0.0,,211472,Oleksandra Korashvili,2015-07-27,48.0,5.8,0,,0.4,582.0,38.0,0.0,,-48.0,-128.0,,31.0,-1.2809338454620642,-3.6635616461296463,,-3.6635616461296463,-3.6635616461296463,0,0.12982515443869533
171,485,1315,202481,Chi Chi Scholl,2014-09-08,0.0,9.833333333333334,0,,0.0,454.0,69.0,0.0,,211533,Jelena Ostapenko,2024-09-09,0.0,7.3,2,3.9444444444444446,0.5,12.0,3008.0,158.0,8.092592592592593,0.0,442.0,,-2939.0,-5.626735275962463,-8.009363076630045,,-8.009363076630045,-8.009363076630045,0,0.017306781157385067
172,485,1385,202481,Chi Chi Scholl,2014-09-08,0.0,9.833333333333334,0,,0.0,454.0,69.0,0.0,,211977,Adrijana Lekaj,2023-04-15,0.0,,4,,0.5,,,316.0,,0.0,,,,,,,,,1,0.5298396420450876
173,485,1394,202481,Chi Chi Scholl,2014-09-08,0.0,9.833333333333334,0,,0.0,454.0,69.0,0.0,,212044,Katharina Gerlach,2022-08-29,0.0,11.5,0,1.2,0.3,251.0,261.0,0.0,9.6,0.0,203.0,,-192.0,-3.1857167030935147,-5.568344503761097,,-5.568344503761097,-5.568344503761097,0,0.07894760080746761
174,485,1457,202481,Chi Chi Scholl,2014-09-08,0.0,9.833333333333334,0,,0.0,454.0,69.0,0.0,,212302,Lesedi Sheya Jacobs,2015-04-17,0.0,,0,,0.0,,,0.0,,0.0,,,,,,,,,1,0.5298396420450876
175,485,1691,202481,Chi Chi Scholl,2014-09-08,0.0,9.833333333333334,0,,0.0,454.0,69.0,0.0,,214646,Xiaodi You,2024-10-28,112.0,7.7,5,2.4375,0.4,306.0,207.0,517.0,9.0,-112.0,148.0,,-138.0,-2.9549102790337356,-5.337538079701318,,-5.337538079701318,-5.337538079701318,0,0.03716934191727018
176,485,1696,202481,Chi Chi Scholl,2014-09-08,0.0,9.833333333333334,0,,0.0,454.0,69.0,0.0,,214679,Sunam Jeong,2019-02-09,0.0,9.0,0,1.0,0.3333333333333333,582.0,27.0,0.0,9.333333333333334,0.0,-128.0,,42.0,-0.9495767095076217,-3.332204510175204,,-3.332204510175204,-3.332204510175204,0,0.18934817512136612
177,485,1726,202481,Chi Chi Scholl,2014-09-08,0.0,9.833333333333334,0,,0.0,454.0,69.0,0.0,,214882,Oliwia Szymczuch,2015-04-06,28.0,,0,,1.0,,,0.0,,-28.0,,,,,,,,,0,0.4703313311488884
178,485,1762,202481,Chi Chi Scholl,2014-09-08,0.0,9.833333333333334,0,,0.0,454.0,69.0,0.0,,215064,Maria Mateas,2024-08-26,0.0,7.777777777777778,0,2.0,0.3333333333333333,190.0,369.0,0.0,6.333333333333333,0.0,264.0,,-300.0,-3.530875204970688,-5.91350300563827,,-5.91350300563827,-5.91350300563827,0,0.06577737916533671
179,485,1764,202481,Chi Chi Scholl,2014-09-08,0.0,9.833333333333334,0,,0.0,454.0,69.0,0.0,,215096,Jaimee Fourlis,2024-05-27,0.0,8.2,0,1.9166666666666667,0.4,294.0,234.0,0.0,8.916666666666666,0.0,160.0,,-165.0,-3.0769577134765767,-5.459585514144159,,-5.459585514144159,-5.459585514144159,0,0.0872648217061496
180,485,2047,202481,Chi Chi Scholl,2014-09-08,0.0,9.833333333333334,0,,0.0,454.0,69.0,0.0,,220757,Lia Karatancheva,2023-04-14,0.0,,3,,1.0,518.0,79.0,338.0,,0.0,-64.0,,-10.0,-1.9993988340062994,-4.382026634673881,,-4.382026634673881,-4.382026634673881,0,0.15212932984232924
181,485,2218,202481,Chi Chi Scholl,2014-09-08,0.0,9.833333333333334,0,,0.0,454.0,69.0,0.0,,222034,Reese Brantmeier,2022-03-07,0.0,6.333333333333333,0,4.0,0.5,525.0,84.0,0.0,6.0,0.0,-71.0,,-15.0,-2.0600234558227344,-4.442651256490317,,-4.442651256490317,-4.442651256490317,0,0.1529528659564709
182,485,2275,202481,Chi Chi Scholl,2014-09-08,0.0,9.833333333333334,0,,0.0,454.0,69.0,0.0,,223135,Shaira Hope Rivera,2020-02-08,0.0,1.0,1,4.0,1.0,,,37.0,1.0,0.0,,,,,,,,,1,0.5298396420450876
183,485,2318,202481,Chi Chi Scholl,2014-09-08,0.0,9.833333333333334,0,,0.0,454.0,69.0,0.0,,232447,Celine Naef,2024-08-26,152.0,9.5,0,3.076923076923077,0.3,177.0,400.0,0.0,8.461538461538462,-152.0,277.0,,-331.0,-3.611333626638987,-5.993961427306569,,-5.993961427306569,-5.993961427306569,0,0.01812440706826757
184,485,2338,202481,Chi Chi Scholl,2014-09-08,0.0,9.833333333333334,0,,0.0,454.0,69.0,0.0,,239129,Lina Soussi,2024-09-09,0.0,,0,,,,,0.0,,0.0,,,,,,,,,1,0.5298396420450876
185,485,2458,202481,Chi Chi Scholl,2014-09-08,0.0,9.833333333333334,0,,0.0,454.0,69.0,0.0,,267256,Melinda Biro,2024-07-15,0.0,,0,,,,,0.0,,0.0,,,,,,,,,1,0.5298396420450876
186,627,1,202703,Constance Sibille,2015-05-18,60.0,10.0,0,1.0,0.3333333333333333,320.0,116.0,0.0,15.0,200002,Mirjana Lucic,2018-01-15,138.0,10.8,3,2.972972972972973,0.4,30.0,1618.0,234.0,9.027027027027026,-78.0,290.0,5.972972972972974,-1502.0,-4.991668680879265,-7.389563953677635,-6.69641677311769,-7.101881881225855,-7.389563953677635,0,0.006233504311283183
187,627,316,202703,Constance Sibille,2015-05-18,60.0,10.0,0,1.0,0.3333333333333333,320.0,116.0,0.0,15.0,201658,Carmen Klaschka,2010-05-03,72.0,11.0,2,0.0,0.6666666666666666,245.0,205.0,132.0,11.0,-12.0,75.0,4.0,-89.0,-2.9299808959912106,-5.327876168789581,-4.634728988229636,-5.0401940963378005,-5.327876168789581,0,0.04613506759299806
188,627,335,202703,Constance Sibille,2015-05-18,60.0,10.0,0,1.0,0.3333333333333333,320.0,116.0,0.0,15.0,201678,Sacha Jones,2018-01-01,0.0,12.714285714285714,0,,0.2,,,0.0,,60.0,,,,,,,,,1,0.6358049267731058
189,627,378,202703,Constance Sibille,2015-05-18,60.0,10.0,0,1.0,0.3333333333333333,320.0,116.0,0.0,15.0,202306,Diana Ospina,2012-09-10,0.0,,0,,,595.0,44.0,0.0,,60.0,-275.0,,72.0,-1.4087672169719492,-3.8066624897703196,-3.1135153092103742,-3.518980417318539,-3.8066624897703196,0,0.2302793149407705
190,627,463,202703,Constance Sibille,2015-05-18,60.0,10.0,0,1.0,0.3333333333333333,320.0,116.0,0.0,15.0,202459,Bojana Bobusic,2013-01-14,0.0,10.0,5,2.1666666666666665,0.375,307.0,152.0,549.0,10.666666666666666,60.0,13.0,4.333333333333334,-36.0,-2.632542648594065,-5.030437921392435,-4.33729074083249,-4.7427558489406545,-5.030437921392435,0,0.10167115806995207
191,627,485,202703,Constance Sibille,2015-05-18,60.0,10.0,0,1.0,0.3333333333333333,320.0,116.0,0.0,15.0,202481,Chi Chi Scholl,2014-09-08,0.0,9.833333333333334,0,,0.0,454.0,69.0,0.0,,60.0,-134.0,,47.0,-1.8505999692509885,-4.248495242049359,-3.5553480614894135,-3.960813169597578,-4.248495242049359,0,0.16228659164068798
192,627,835,202703,Constance Sibille,2015-05-18,60.0,10.0,0,1.0,0.3333333333333333,320.0,116.0,0.0,15.0,204271,Biljana Pawlowa Dimitrova,2010-02-05,0.0,,0,,,857.0,14.0,0.0,,60.0,-537.0,,102.0,-0.3101549283038396,-2.70805020110221,-2.0149030205422647,-2.4203681286504293,-2.70805020110221,0,0.4207750410501381
193,627,847,202703,Constance Sibille,2015-05-18,60.0,10.0,0,1.0,0.3333333333333333,320.0,116.0,0.0,15.0,204292,Hyojung Yea,2011-09-19,0.0,11.0,0,0.0,0.0,1108.0,7.0,0.0,11.0,60.0,-788.0,4.0,109.0,0.3184537311185346,-2.0794415416798357,-1.3862943611198906,-1.791759469228055,-2.0794415416798357,1,0.604154705126062
194,627,893,202703,Constance Sibille,2015-05-18,60.0,10.0,0,1.0,0.3333333333333333,320.0,116.0,0.0,15.0,204339,Yue Fei,2010-09-13,0.0,,0,,,,,0.0,,60.0,,,,,,,,,1,0.6358049267731058
195,627,986,202703,Constance Sibille,2015-05-18,60.0,10.0,0,1.0,0.3333333333333333,320.0,116.0,0.0,15.0,204433,Syna Kayser,2012-05-21,0.0,,0,,,609.0,45.0,0.0,,60.0,-289.0,,71.0,-1.4307461236907244,-3.828641396489095,-3.1354942159291497,-3.5409593240373143,-3.828641396489095,0,0.2342132161133992
196,627,1017,202703,Constance Sibille,2015-05-18,60.0,10.0,0,1.0,0.3333333333333333,320.0,116.0,0.0,15.0,205789,Na Ri Kim,2022-04-16,0.0,5.25,0,,0.5714285714285714,1535.0,4.0,0.0,,60.0,-1215.0,,112.0,0.7884573603642703,-1.6094379124341003,-0.916290731874155,-1.3217558399823195,-1.6094379124341003,1,0.8061016611327998
197,627,1175,202703,Constance Sibille,2015-05-18,60.0,10.0,0,1.0,0.3333333333333333,320.0,116.0,0.0,15.0,209919,Carina Litfin,2014-05-19,0.0,,0,,,,,0.0,,60.0,,,,,,,,,1,0.6358049267731058
198,627,1179,202703,Constance Sibille,2015-05-18,60.0,10.0,0,1.0,0.3333333333333333,320.0,116.0,0.0,15.0,210064,Denise Muresan,2014-09-08,0.0,,0,,,421.0,79.0,0.0,,60.0,-101.0,,37.0,-1.984131361875511,-4.382026634673881,-3.6888794541139363,-4.0943445622221,-4.382026634673881,0,0.14761516460819502
199,627,1230,202703,Constance Sibille,2015-05-18,60.0,10.0,0,1.0,0.3333333333333333,320.0,116.0,0.0,15.0,210884,Melisa Martinov,2012-04-20,0.0,,0,,,,,0.0,,60.0,,,,,,,,,1,0.6358049267731058
200,627,1278,202703,Constance Sibille,2015-05-18,60.0,10.0,0,1.0,0.3333333333333333,320.0,116.0,0.0,15.0,211260,Marie Benoit,2024-11-15,0.0,10.0,0,1.6666666666666667,0.2,208.0,346.0,0.0,7.333333333333333,60.0,112.0,7.666666666666667,-230.0,-3.4514295071484886,-5.849324779946859,-5.156177599386914,-5.5616427074950785,-5.849324779946859,0,0.06488953890177425
201,627,1311,202703,Constance Sibille,2015-05-18,60.0,10.0,0,1.0,0.3333333333333333,320.0,116.0,0.0,15.0,211472,Oleksandra Korashvili,2015-07-27,48.0,5.8,0,,0.4,582.0,38.0,0.0,,12.0,-262.0,,78.0,-1.2656663733312759,-3.6635616461296463,-2.9704144655697013,-3.3758795736778655,-3.6635616461296463,0,0.16841620511133737
202,627,1315,202703,Constance Sibille,2015-05-18,60.0,10.0,0,1.0,0.3333333333333333,320.0,116.0,0.0,15.0,211533,Jelena Ostapenko,2024-09-09,0.0,7.3,2,3.9444444444444446,0.5,12.0,3008.0,158.0,8.092592592592593,60.0,308.0,6.9074074074074066,-2892.0,-5.611467803831674,-8.009363076630045,-7.3162158960701,-7.721681004178264,-8.009363076630045,0,0.010660687796991924
203,627,1385,202703,Constance Sibille,2015-05-18,60.0,10.0,0,1.0,0.3333333333333333,320.0,116.0,0.0,15.0,211977,Adrijana Lekaj,2023-04-15,0.0,,4,,0.5,,,316.0,,60.0,,,,,,,,,1,0.6358049267731058
204,627,1394,202703,Constance Sibille,2015-05-18,60.0,10.0,0,1.0,0.3333333333333333,320.0,116.0,0.0,15.0,212044,Katharina Gerlach,2022-08-29,0.0,11.5,0,1.2,0.3,251.0,261.0,0.0,9.6,60.0,69.0,5.4,-145.0,-3.1704492309627264,-5.568344503761097,-4.875197323201151,-5.280662431309316,-5.568344503761097,0,0.07700393344314034
205,627,1457,202703,Constance Sibille,2015-05-18,60.0,10.0,0,1.0,0.3333333333333333,320.0,116.0,0.0,15.0,212302,Lesedi Sheya Jacobs,2015-04-17,0.0,,0,,0.0,,,0.0,,60.0,,,,,,,,,1,0.6358049267731058
206,627,1691,202703,Constance Sibille,2015-05-18,60.0,10.0,0,1.0,0.3333333333333333,320.0,116.0,0.0,15.0,214646,Xiaodi You,2024-10-28,112.0,7.7,5,2.4375,0.4,306.0,207.0,517.0,9.0,-52.0,14.0,6.0,-91.0,-2.9396428069029477,-5.337538079701318,-4.6443908991413725,-5.049856007249537,-5.337538079701318,0,0.03796710853121445
207,627,1696,202703,Constance Sibille,2015-05-18,60.0,10.0,0,1.0,0.3333333333333333,320.0,116.0,0.0,15.0,214679,Sunam Jeong,2019-02-09,0.0,9.0,0,1.0,0.3333333333333333,582.0,27.0,0.0,9.333333333333334,60.0,-262.0,5.666666666666666,89.0,-0.9343092373768334,-3.332204510175204,-2.639057329615259,-3.044522437723423,-3.332204510175204,0,0.2602900167414221
208,627,1726,202703,Constance Sibille,2015-05-18,60.0,10.0,0,1.0,0.3333333333333333,320.0,116.0,0.0,15.0,214882,Oliwia Szymczuch,2015-04-06,28.0,,0,,1.0,,,0.0,,32.0,,,,,,,,,1,0.5790530623246712
209,627,1762,202703,Constance Sibille,2015-05-18,60.0,10.0,0,1.0,0.3333333333333333,320.0,116.0,0.0,15.0,215064,Maria Mateas,2024-08-26,0.0,7.777777777777778,0,2.0,0.3333333333333333,190.0,369.0,0.0,6.333333333333333,60.0,130.0,8.666666666666668,-253.0,-3.5156077328398996,-5.91350300563827,-5.220355825078324,-5.625820933186489,-5.91350300563827,0,0.06153080922488482
210,627,1764,202703,Constance Sibille,2015-05-18,60.0,10.0,0,1.0,0.3333333333333333,320.0,116.0,0.0,15.0,215096,Jaimee Fourlis,2024-05-27,0.0,8.2,0,1.9166666666666667,0.4,294.0,234.0,0.0,8.916666666666666,60.0,26.0,6.083333333333334,-118.0,-3.0616902413457883,-5.459585514144159,-4.7664383335842135,-5.171903441692378,-5.459585514144159,0,0.08717799107586365
211,627,2047,202703,Constance Sibille,2015-05-18,60.0,10.0,0,1.0,0.3333333333333333,320.0,116.0,0.0,15.0,220757,Lia Karatancheva,2023-04-14,0.0,,3,,1.0,518.0,79.0,338.0,,60.0,-198.0,,37.0,-1.984131361875511,-4.382026634673881,-3.6888794541139363,-4.0943445622221,-4.382026634673881,0,0.1747780836759251
212,627,2218,202703,Constance Sibille,2015-05-18,60.0,10.0,0,1.0,0.3333333333333333,320.0,116.0,0.0,15.0,222034,Reese Brantmeier,2022-03-07,0.0,6.333333333333333,0,4.0,0.5,525.0,84.0,0.0,6.0,60.0,-205.0,9.0,32.0,-2.044755983691946,-4.442651256490317,-3.7495040759303713,-4.154969184038536,-4.442651256490317,0,0.18325252515045554
213,627,2275,202703,Constance Sibille,2015-05-18,60.0,10.0,0,1.0,0.3333333333333333,320.0,116.0,0.0,15.0,223135,Shaira Hope Rivera,2020-02-08,0.0,1.0,1,4.0,1.0,,,37.0,1.0,60.0,,14.0,,,,,,,1,0.6582140187079761
214,627,2318,202703,Constance Sibille,2015-05-18,60.0,10.0,0,1.0,0.3333333333333333,320.0,116.0,0.0,15.0,232447,Celine Naef,2024-08-26,152.0,9.5,0,3.076923076923077,0.3,177.0,400.0,0.0,8.461538461538462,-92.0,143.0,6.538461538461538,-284.0,-3.5960661545081987,-5.993961427306569,-5.300814246746624,-5.7062793548547885,-5.993961427306569,0,0.01639823001528225
215,627,2338,202703,Constance Sibille,2015-05-18,60.0,10.0,0,1.0,0.3333333333333333,320.0,116.0,0.0,15.0,239129,Lina Soussi,2024-09-09,0.0,,0,,,,,0.0,,60.0,,,,,,,,,1,0.6358049267731058
216,627,2458,202703,Constance Sibille,2015-05-18,60.0,10.0,0,1.0,0.3333333333333333,320.0,116.0,0.0,15.0,267256,Melinda Biro,2024-07-15,0.0,,0,,,,,0.0,,60.0,,,,,,,,,1,0.6358049267731058
217,835,1,204271,Biljana Pawlowa Dimitrova,2010-02-05,0.0,,0,,,857.0,14.0,0.0,,200002,Mirjana Lucic,2018-01-15,138.0,10.8,3,2.972972972972973,0.4,30.0,1618.0,234.0,9.027027027027026,-138.0,827.0,,-1604.0,,-7.389563953677635,,,-7.389563953677635,0,0.01401369393583082
218,835,316,204271,Biljana Pawlowa Dimitrova,2010-02-05,0.0,,0,,,857.0,14.0,0.0,,201658,Carmen Klaschka,2010-05-03,72.0,11.0,2,0.0,0.6666666666666666,245.0,205.0,132.0,11.0,-72.0,612.0,,-191.0,,-5.327876168789581,,,-5.327876168789581,0,0.07713294423798374
219,835,335,204271,Biljana Pawlowa Dimitrova,2010-02-05,0.0,,0,,,857.0,14.0,0.0,,201678,Sacha Jones,2018-01-01,0.0,12.714285714285714,0,,0.2,,,0.0,,0.0,,,,,,,,,1,0.5851668170473979
220,835,378,204271,Biljana Pawlowa Dimitrova,2010-02-05,0.0,,0,,,857.0,14.0,0.0,,202306,Diana Ospina,2012-09-10,0.0,,0,,,595.0,44.0,0.0,,0.0,262.0,,-30.0,,-3.8066624897703196,,,-3.8066624897703196,0,0.30114866604248924
221,835,463,204271,Biljana Pawlowa Dimitrova,2010-02-05,0.0,,0,,,857.0,14.0,0.0,,202459,Bojana Bobusic,2013-01-14,0.0,10.0,5,2.1666666666666665,0.375,307.0,152.0,549.0,10.666666666666666,0.0,550.0,,-138.0,,-5.030437921392435,,,-5.030437921392435,0,0.15772917261684807
222,835,485,204271,Biljana Pawlowa Dimitrova,2010-02-05,0.0,,0,,,857.0,14.0,0.0,,202481,Chi Chi Scholl,2014-09-08,0.0,9.833333333333334,0,,0.0,454.0,69.0,0.0,,0.0,403.0,,-55.0,,-4.248495242049359,,,-4.248495242049359,0,0.22875077195644927
223,835,627,204271,Biljana Pawlowa Dimitrova,2010-02-05,0.0,,0,,,857.0,14.0,0.0,,202703,Constance Sibille,2015-05-18,60.0,10.0,0,1.0,0.3333333333333333,320.0,116.0,0.0,15.0,-60.0,537.0,,-102.0,,-4.762173934797756,,,-4.762173934797756,0,0.1087499266431743
224,835,847,204271,Biljana Pawlowa Dimitrova,2010-02-05,0.0,,0,,,857.0,14.0,0.0,,204292,Hyojung Yea,2011-09-19,0.0,11.0,0,0.0,0.0,1108.0,7.0,0.0,11.0,0.0,-251.0,,7.0,,-2.0794415416798357,,,-2.0794415416798357,1,0.6273992034524631
225,835,893,204271,Biljana Pawlowa Dimitrova,2010-02-05,0.0,,0,,,857.0,14.0,0.0,,204339,Yue Fei,2010-09-13,0.0,,0,,,,,0.0,,0.0,,,,,,,,,1,0.5851668170473979
226,835,986,204271,Biljana Pawlowa Dimitrova,2010-02-05,0.0,,0,,,857.0,14.0,0.0,,204433,Syna Kayser,2012-05-21,0.0,,0,,,609.0,45.0,0.0,,0.0,248.0,,-31.0,,-3.828641396489095,,,-3.828641396489095,0,0.30645714822866044
227,835,1017,204271,Biljana Pawlowa Dimitrova,2010-02-05,0.0,,0,,,857.0,14.0,0.0,,205789,Na Ri Kim,2022-04-16,0.0,5.25,0,,0.5714285714285714,1535.0,4.0,0.0,,0.0,-678.0,,10.0,,-1.6094379124341003,,,-1.6094379124341003,1,0.8155164077901116
228,835,1175,204271,Biljana Pawlowa Dimitrova,2010-02-05,0.0,,0,,,857.0,14.0,0.0,,209919,Carina Litfin,2014-05-19,0.0,,0,,,,,0.0,,0.0,,,,,,,,,1,0.5851668170473979
229,835,1179,204271,Biljana Pawlowa Dimitrova,2010-02-05,0.0,,0,,,857.0,14.0,0.0,,210064,Denise Muresan,2014-09-08,0.0,,0,,,421.0,79.0,0.0,,0.0,436.0,,-65.0,,-4.382026634673881,,,-4.382026634673881,0,0.21264580878739284
230,835,1230,204271,Biljana Pawlowa Dimitrova,2010-02-05,0.0,,0,,,857.0,14.0,0.0,,210884,Melisa Martinov,2012-04-20,0.0,,0,,,,,0.0,,0.0,,,,,,,,,1,0.5851668170473979
231,835,1278,204271,Biljana Pawlowa Dimitrova,2010-02-05,0.0,,0,,,857.0,14.0,0.0,,211260,Marie Benoit,2024-11-15,0.0,10.0,0,1.6666666666666667,0.2,208.0,346.0,0.0,7.333333333333333,0.0,649.0,,-332.0,,-5.849324779946859,,,-5.849324779946859,0,0.11158447718221595
232,835,1311,204271,Biljana Pawlowa Dimitrova,2010-02-05,0.0,,0,,,857.0,14.0,0.0,,211472,Oleksandra Korashvili,2015-07-27,48.0,5.8,0,,0.4,582.0,38.0,0.0,,-48.0,275.0,,-24.0,,-3.6635616461296463,,,-3.6635616461296463,0,0.22239555845240994
233,835,1315,204271,Biljana Pawlowa Dimitrova,2010-02-05,0.0,,0,,,857.0,14.0,0.0,,211533,Jelena Ostapenko,2024-09-09,0.0,7.3,2,3.9444444444444446,0.5,12.0,3008.0,158.0,8.092592592592593,0.0,845.0,,-2994.0,,-8.009363076630045,,,-8.009363076630045,0,0.0257445047277082
234,835,1385,204271,Biljana Pawlowa Dimitrova,2010-02-05,0.0,,0,,,857.0,14.0,0.0,,211977,Adrijana Lekaj,2023-04-15,0.0,,4,,0.5,,,316.0,,0.0,,,,,,,,,1,0.5851668170473979
235,835,1394,204271,Biljana Pawlowa Dimitrova,2010-02-05,0.0,,0,,,857.0,14.0,0.0,,212044,Katharina Gerlach,2022-08-29,0.0,11.5,0,1.2,0.3,251.0,261.0,0.0,9.6,0.0,606.0,,-247.0,,-5.568344503761097,,,-5.568344503761097,0,0.1286025603743416
236,835,1457,204271,Biljana Pawlowa Dimitrova,2010-02-05,0.0,,0,,,857.0,14.0,0.0,,212302,Lesedi Sheya Jacobs,2015-04-17,0.0,,0,,0.0,,,0.0,,0.0,,,,,,,,,1,0.5851668170473979
237,835,1691,204271,Biljana Pawlowa Dimitrova,2010-02-05,0.0,,0,,,857.0,14.0,0.0,,214646,Xiaodi You,2024-10-28,112.0,7.7,5,2.4375,0.4,306.0,207.0,517.0,9.0,-112.0,551.0,,-193.0,,-5.337538079701318,,,-5.337538079701318,0,0.06309028083616185
238,835,1696,204271,Biljana Pawlowa Dimitrova,2010-02-05,0.0,,0,,,857.0,14.0,0.0,,214679,Sunam Jeong,2019-02-09,0.0,9.0,0,1.0,0.3333333333333333,582.0,27.0,0.0,9.333333333333334,0.0,275.0,,-13.0,,-3.332204510175204,,,-3.332204510175204,0,0.31328085192184446
239,835,1726,204271,Biljana Pawlowa Dimitrova,2010-02-05,0.0,,0,,,857.0,14.0,0.0,,214882,Oliwia Szymczuch,2015-04-06,28.0,,0,,1.0,,,0.0,,-28.0,,,,,,,,,1,0.5264018374138801
240,835,1762,204271,Biljana Pawlowa Dimitrova,2010-02-05,0.0,,0,,,857.0,14.0,0.0,,215064,Maria Mateas,2024-08-26,0.0,7.777777777777778,0,2.0,0.3333333333333333,190.0,369.0,0.0,6.333333333333333,0.0,667.0,,-355.0,,-5.91350300563827,,,-5.91350300563827,0,0.10625901972295647
241,835,1764,204271,Biljana Pawlowa Dimitrova,2010-02-05,0.0,,0,,,857.0,14.0,0.0,,215096,Jaimee Fourlis,2024-05-27,0.0,8.2,0,1.9166666666666667,0.4,294.0,234.0,0.0,8.916666666666666,0.0,563.0,,-220.0,,-5.459585514144159,,,-5.459585514144159,0,0.1420939865085208
242,835,2047,204271,Biljana Pawlowa Dimitrova,2010-02-05,0.0,,0,,,857.0,14.0,0.0,,220757,Lia Karatancheva,2023-04-14,0.0,,3,,1.0,518.0,79.0,338.0,,0.0,339.0,,-65.0,,-4.382026634673881,,,-4.382026634673881,0,0.24828945942674646
243,835,2218,204271,Biljana Pawlowa Dimitrova,2010-02-05,0.0,,0,,,857.0,14.0,0.0,,222034,Reese Brantmeier,2022-03-07,0.0,6.333333333333333,0,4.0,0.5,525.0,84.0,0.0,6.0,0.0,332.0,,-70.0,,-4.442651256490317,,,-4.442651256490317,0,0.24884098317828415
244,835,2275,204271,Biljana Pawlowa Dimitrova,2010-02-05,0.0,,0,,,857.0,14.0,0.0,,223135,Shaira Hope Rivera,2020-02-08,0.0,1.0,1,4.0,1.0,,,37.0,1.0,0.0,,,,,,,,,1,0.5851668170473979
245,835,2318,204271,Biljana Pawlowa Dimitrova,2010-02-05,0.0,,0,,,857.0,14.0,0.0,,232447,Celine Naef,2024-08-26,152.0,9.5,0,3.076923076923077,0.3,177.0,400.0,0.0,8.461538461538462,-152.0,680.0,,-386.0,,-5.993961427306569,,,-5.993961427306569,0,0.030095014286799837
246,835,2338,204271,Biljana Pawlowa Dimitrova,2010-02-05,0.0,,0,,,857.0,14.0,0.0,,239129,Lina Soussi,2024-09-09,0.0,,0,,,,,0.0,,0.0,,,,,,,,,1,0.5851668170473979
247,835,2458,204271,Biljana Pawlowa Dimitrova,2010-02-05,0.0,,0,,,857.0,14.0,0.0,,267256,Melinda Biro,2024-07-15,0.0,,0,,,,,0.0,,0.0,,,,,,,,,1,0.5851668170473979
248,847,1,204292,Hyojung Yea,2011-09-19,0.0,11.0,0,0.0,0.0,1108.0,7.0,0.0,11.0,200002,Mirjana Lucic,2018-01-15,138.0,10.8,3,2.972972972972973,0.4,30.0,1618.0,234.0,9.027027027027026,-138.0,1078.0,1.9729729729729737,-1611.0,-4.904657303889635,-7.389563953677635,-7.389563953677635,-7.389563953677635,-7.389563953677635,0,0.0007525591314745231
249,847,316,204292,Hyojung Yea,2011-09-19,0.0,11.0,0,0.0,0.0,1108.0,7.0,0.0,11.0,201658,Carmen Klaschka,2010-05-03,72.0,11.0,2,0.0,0.6666666666666666,245.0,205.0,132.0,11.0,-72.0,863.0,0.0,-198.0,-2.842969519001581,-5.327876168789581,-5.327876168789581,-5.327876168789581,-5.327876168789581,0,0.0057736336864544074
250,847,335,204292,Hyojung Yea,2011-09-19,0.0,11.0,0,0.0,0.0,1108.0,7.0,0.0,11.0,201678,Sacha Jones,2018-01-01,0.0,12.714285714285714,0,,0.2,,,0.0,,0.0,,,,,,,,,1,0.6190349023246512
251,847,378,204292,Hyojung Yea,2011-09-19,0.0,11.0,0,0.0,0.0,1108.0,7.0,0.0,11.0,202306,Diana Ospina,2012-09-10,0.0,,0,,,595.0,44.0,0.0,,0.0,513.0,,-37.0,-1.3217558399823195,-3.8066624897703196,-3.8066624897703196,-3.8066624897703196,-3.8066624897703196,0,0.035625833014871114
252,847,463,204292,Hyojung Yea,2011-09-19,0.0,11.0,0,0.0,0.0,1108.0,7.0,0.0,11.0,202459,Bojana Bobusic,2013-01-14,0.0,10.0,5,2.1666666666666665,0.375,307.0,152.0,549.0,10.666666666666666,0.0,801.0,0.3333333333333339,-145.0,-2.5455312716044354,-5.030437921392435,-5.030437921392435,-5.030437921392435,-5.030437921392435,0,0.013406650324999726
253,847,485,204292,Hyojung Yea,2011-09-19,0.0,11.0,0,0.0,0.0,1108.0,7.0,0.0,11.0,202481,Chi Chi Scholl,2014-09-08,0.0,9.833333333333334,0,,0.0,454.0,69.0,0.0,,0.0,654.0,,-62.0,-1.7635885922613588,-4.248495242049359,-4.248495242049359,-4.248495242049359,-4.248495242049359,0,0.02336244444614243
254,847,627,204292,Hyojung Yea,2011-09-19,0.0,11.0,0,0.0,0.0,1108.0,7.0,0.0,11.0,202703,Constance Sibille,2015-05-18,60.0,10.0,0,1.0,0.3333333333333333,320.0,116.0,0.0,15.0,-60.0,788.0,-4.0,-109.0,-2.277267285009756,-4.762173934797756,-4.762173934797756,-4.762173934797756,-4.762173934797756,0,0.00883482618658009
255,847,835,204292,Hyojung Yea,2011-09-19,0.0,11.0,0,0.0,0.0,1108.0,7.0,0.0,11.0,204271,Biljana Pawlowa Dimitrova,2010-02-05,0.0,,0,,,857.0,14.0,0.0,,0.0,251.0,,-7.0,-0.2231435513142097,-2.70805020110221,-2.70805020110221,-2.70805020110221,-2.70805020110221,0,0.08231761649161638
256,847,893,204292,Hyojung Yea,2011-09-19,0.0,11.0,0,0.0,0.0,1108.0,7.0,0.0,11.0,204339,Yue Fei,2010-09-13,0.0,,0,,,,,0.0,,0.0,,,,,,,,,1,0.6190349023246512
257,847,986,204292,Hyojung Yea,2011-09-19,0.0,11.0,0,0.0,0.0,1108.0,7.0,0.0,11.0,204433,Syna Kayser,2012-05-21,0.0,,0,,,609.0,45.0,0.0,,0.0,499.0,,-38.0,-1.3437347467010947,-3.828641396489095,-3.828641396489095,-3.828641396489095,-3.828641396489095,0,0.03639165218110331
258,847,1017,204292,Hyojung Yea,2011-09-19,0.0,11.0,0,0.0,0.0,1108.0,7.0,0.0,11.0,205789,Na Ri Kim,2022-04-16,0.0,5.25,0,,0.5714285714285714,1535.0,4.0,0.0,,0.0,-427.0,,3.0,0.8754687373538999,-1.6094379124341003,-1.6094379124341003,-1.6094379124341003,-1.6094379124341003,0,0.3392142483427215
259,847,1175,204292,Hyojung Yea,2011-09-19,0.0,11.0,0,0.0,0.0,1108.0,7.0,0.0,11.0,209919,Carina Litfin,2014-05-19,0.0,,0,,,,,0.0,,0.0,,,,,,,,,1,0.6190349023246512
260,847,1179,204292,Hyojung Yea,2011-09-19,0.0,11.0,0,0.0,0.0,1108.0,7.0,0.0,11.0,210064,Denise Muresan,2014-09-08,0.0,,0,,,421.0,79.0,0.0,,0.0,687.0,,-72.0,-1.8971199848858813,-4.382026634673881,-4.382026634673881,-4.382026634673881,-4.382026634673881,0,0.02093648715074058
261,847,1230,204292,Hyojung Yea,2011-09-19,0.0,11.0,0,0.0,0.0,1108.0,7.0,0.0,11.0,210884,Melisa Martinov,2012-04-20,0.0,,0,,,,,0.0,,0.0,,,,,,,,,1,0.6190349023246512
262,847,1278,204292,Hyojung Yea,2011-09-19,0.0,11.0,0,0.0,0.0,1108.0,7.0,0.0,11.0,211260,Marie Benoit,2024-11-15,0.0,10.0,0,1.6666666666666667,0.2,208.0,346.0,0.0,7.333333333333333,0.0,900.0,3.666666666666667,-339.0,-3.364418130158859,-5.849324779946859,-5.849324779946859,-5.849324779946859,-5.849324779946859,0,0.008262815232115354
263,847,1311,204292,Hyojung Yea,2011-09-19,0.0,11.0,0,0.0,0.0,1108.0,7.0,0.0,11.0,211472,Oleksandra Korashvili,2015-07-27,48.0,5.8,0,,0.4,582.0,38.0,0.0,,-48.0,526.0,,-31.0,-1.1786549963416462,-3.6635616461296463,-3.6635616461296463,-3.6635616461296463,-3.6635616461296463,0,0.02439767133102968
264,847,1315,204292,Hyojung Yea,2011-09-19,0.0,11.0,0,0.0,0.0,1108.0,7.0,0.0,11.0,211533,Jelena Ostapenko,2024-09-09,0.0,7.3,2,3.9444444444444446,0.5,12.0,3008.0,158.0,8.092592592592593,0.0,1096.0,2.9074074074074066,-3001.0,-5.524456426842045,-8.009363076630045,-8.009363076630045,-8.009363076630045,-8.009363076630045,0,0.0012921059097397278
265,847,1385,204292,Hyojung Yea,2011-09-19,0.0,11.0,0,0.0,0.0,1108.0,7.0,0.0,11.0,211977,Adrijana Lekaj,2023-04-15,0.0,,4,,0.5,,,316.0,,0.0,,,,,,,,,1,0.6190349023246512
266,847,1394,204292,Hyojung Yea,2011-09-19,0.0,11.0,0,0.0,0.0,1108.0,7.0,0.0,11.0,212044,Katharina Gerlach,2022-08-29,0.0,11.5,0,1.2,0.3,251.0,261.0,0.0,9.6,0.0,857.0,1.4000000000000004,-254.0,-3.0834378539730967,-5.568344503761097,-5.568344503761097,-5.568344503761097,-5.568344503761097,0,0.009917543104006095
267,847,1457,204292,Hyojung Yea,2011-09-19,0.0,11.0,0,0.0,0.0,1108.0,7.0,0.0,11.0,212302,Lesedi Sheya Jacobs,2015-04-17,0.0,,0,,0.0,,,0.0,,0.0,,,,,,,,,1,0.6190349023246512
268,847,1691,204292,Hyojung Yea,2011-09-19,0.0,11.0,0,0.0,0.0,1108.0,7.0,0.0,11.0,214646,Xiaodi You,2024-10-28,112.0,7.7,5,2.4375,0.4,306.0,207.0,517.0,9.0,-112.0,802.0,2.0,-200.0,-2.8526314299133175,-5.337538079701318,-5.337538079701318,-5.337538079701318,-5.337538079701318,0,0.0047161134913836535
269,847,1696,204292,Hyojung Yea,2011-09-19,0.0,11.0,0,0.0,0.0,1108.0,7.0,0.0,11.0,214679,Sunam Jeong,2019-02-09,0.0,9.0,0,1.0,0.3333333333333333,582.0,27.0,0.0,9.333333333333334,0.0,526.0,1.666666666666666,-20.0,-0.8472978603872037,-3.332204510175204,-3.332204510175204,-3.332204510175204,-3.332204510175204,0,0.04053631306578876
270,847,1726,204292,Hyojung Yea,2011-09-19,0.0,11.0,0,0.0,0.0,1108.0,7.0,0.0,11.0,214882,Oliwia Szymczuch,2015-04-06,28.0,,0,,1.0,,,0.0,,-28.0,,,,,,,,,1,0.5614722026387333
271,847,1762,204292,Hyojung Yea,2011-09-19,0.0,11.0,0,0.0,0.0,1108.0,7.0,0.0,11.0,215064,Maria Mateas,2024-08-26,0.0,7.777777777777778,0,2.0,0.3333333333333333,190.0,369.0,0.0,6.333333333333333,0.0,918.0,4.666666666666667,-362.0,-3.42859635585027,-5.91350300563827,-5.91350300563827,-5.91350300563827,-5.91350300563827,0,0.007810643978492081
272,847,1764,204292,Hyojung Yea,2011-09-19,0.0,11.0,0,0.0,0.0,1108.0,7.0,0.0,11.0,215096,Jaimee Fourlis,2024-05-27,0.0,8.2,0,1.9166666666666667,0.4,294.0,234.0,0.0,8.916666666666666,0.0,814.0,2.083333333333334,-227.0,-2.9746788643561586,-5.459585514144159,-5.459585514144159,-5.459585514144159,-5.459585514144159,0,0.011336756382078612
273,847,2047,204292,Hyojung Yea,2011-09-19,0.0,11.0,0,0.0,0.0,1108.0,7.0,0.0,11.0,220757,Lia Karatancheva,2023-04-14,0.0,,3,,1.0,518.0,79.0,338.0,,0.0,590.0,,-72.0,-1.8971199848858813,-4.382026634673881,-4.382026634673881,-4.382026634673881,-4.382026634673881,0,0.025486017857349455
274,847,2218,204292,Hyojung Yea,2011-09-19,0.0,11.0,0,0.0,0.0,1108.0,7.0,0.0,11.0,222034,Reese Brantmeier,2022-03-07,0.0,6.333333333333333,0,4.0,0.5,525.0,84.0,0.0,6.0,0.0,583.0,5.0,-77.0,-1.957744606702316,-4.442651256490317,-4.442651256490317,-4.442651256490317,-4.442651256490317,0,0.026232349016088716
275,847,2275,204292,Hyojung Yea,2011-09-19,0.0,11.0,0,0.0,0.0,1108.0,7.0,0.0,11.0,223135,Shaira Hope Rivera,2020-02-08,0.0,1.0,1,4.0,1.0,,,37.0,1.0,0.0,,10.0,,,,,,,1,0.6354237070250983
276,847,2318,204292,Hyojung Yea,2011-09-19,0.0,11.0,0,0.0,0.0,1108.0,7.0,0.0,11.0,232447,Celine Naef,2024-08-26,152.0,9.5,0,3.076923076923077,0.3,177.0,400.0,0.0,8.461538461538462,-152.0,931.0,2.5384615384615383,-393.0,-3.509054777518569,-5.993961427306569,-5.993961427306569,-5.993961427306569,-5.993961427306569,0,0.001997693648589579
277,847,2338,204292,Hyojung Yea,2011-09-19,0.0,11.0,0,0.0,0.0,1108.0,7.0,0.0,11.0,239129,Lina Soussi,2024-09-09,0.0,,0,,,,,0.0,,0.0,,,,,,,,,1,0.6190349023246512
278,847,2458,204292,Hyojung Yea,2011-09-19,0.0,11.0,0,0.0,0.0,1108.0,7.0,0.0,11.0,267256,Melinda Biro,2024-07-15,0.0,,0,,,,,0.0,,0.0,,,,,,,,,1,0.6190349023246512
279,893,1,204339,Yue Fei,2010-09-13,0.0,,0,,,,,0.0,,200002,Mirjana Lucic,2018-01-15,138.0,10.8,3,2.972972972972973,0.4,30.0,1618.0,234.0,9.027027027027026,-138.0,,,,,-7.389563953677635,,,-7.389563953677635,0,0.07277200150794697
280,893,316,204339,Yue Fei,2010-09-13,0.0,,0,,,,,0.0,,201658,Carmen Klaschka,2010-05-03,72.0,11.0,2,0.0,0.6666666666666666,245.0,205.0,132.0,11.0,-72.0,,,,,-5.327876168789581,,,-5.327876168789581,0,0.1624412499118633
281,893,335,204339,Yue Fei,2010-09-13,0.0,,0,,,,,0.0,,201678,Sacha Jones,2018-01-01,0.0,12.714285714285714,0,,0.2,,,0.0,,0.0,,,,,,,,,0,0.4647832042393757
282,893,378,204339,Yue Fei,2010-09-13,0.0,,0,,,,,0.0,,202306,Diana Ospina,2012-09-10,0.0,,0,,,595.0,44.0,0.0,,0.0,,,,,-3.8066624897703196,,,-3.8066624897703196,0,0.3155454676783912
283,893,463,204339,Yue Fei,2010-09-13,0.0,,0,,,,,0.0,,202459,Bojana Bobusic,2013-01-14,0.0,10.0,5,2.1666666666666665,0.375,307.0,152.0,549.0,10.666666666666666,0.0,,,,,-5.030437921392435,,,-5.030437921392435,0,0.27331102272294416
284,893,485,204339,Yue Fei,2010-09-13,0.0,,0,,,,,0.0,,202481,Chi Chi Scholl,2014-09-08,0.0,9.833333333333334,0,,0.0,454.0,69.0,0.0,,0.0,,,,,-4.248495242049359,,,-4.248495242049359,0,0.29989119654588625
285,893,627,204339,Yue Fei,2010-09-13,0.0,,0,,,,,0.0,,202703,Constance Sibille,2015-05-18,60.0,10.0,0,1.0,0.3333333333333333,320.0,116.0,0.0,15.0,-60.0,,,,,-4.762173934797756,,,-4.762173934797756,0,0.190936198220245
286,893,835,204339,Yue Fei,2010-09-13,0.0,,0,,,,,0.0,,204271,Biljana Pawlowa Dimitrova,2010-02-05,0.0,,0,,,857.0,14.0,0.0,,0.0,,,,,-2.70805020110221,,,-2.70805020110221,0,0.3562744838116847
287,893,847,204339,Yue Fei,2010-09-13,0.0,,0,,,,,0.0,,204292,Hyojung Yea,2011-09-19,0.0,11.0,0,0.0,0.0,1108.0,7.0,0.0,11.0,0.0,,,,,-2.0794415416798357,,,-2.0794415416798357,0,0.3805993278330075
288,893,986,204339,Yue Fei,2010-09-13,0.0,,0,,,,,0.0,,204433,Syna Kayser,2012-05-21,0.0,,0,,,609.0,45.0,0.0,,0.0,,,,,-3.828641396489095,,,-3.828641396489095,0,0.3147563738065142
289,893,1017,204339,Yue Fei,2010-09-13,0.0,,0,,,,,0.0,,205789,Na Ri Kim,2022-04-16,0.0,5.25,0,,0.5714285714285714,1535.0,4.0,0.0,,0.0,,,,,-1.6094379124341003,,,-1.6094379124341003,0,0.39919449913292626
290,893,1175,204339,Yue Fei,2010-09-13,0.0,,0,,,,,0.0,,209919,Carina Litfin,2014-05-19,0.0,,0,,,,,0.0,,0.0,,,,,,,,,0,0.4647832042393757
291,893,1179,204339,Yue Fei,2010-09-13,0.0,,0,,,,,0.0,,210064,Denise Muresan,2014-09-08,0.0,,0,,,421.0,79.0,0.0,,0.0,,,,,-4.382026634673881,,,-4.382026634673881,0,0.2952484171108534
292,893,1230,204339,Yue Fei,2010-09-13,0.0,,0,,,,,0.0,,210884,Melisa Martinov,2012-04-20,0.0,,0,,,,,0.0,,0.0,,,,,,,,,0,0.4647832042393757
293,893,1278,204339,Yue Fei,2010-09-13,0.0,,0,,,,,0.0,,211260,Marie Benoit,2024-11-15,0.0,10.0,0,1.6666666666666667,0.2,208.0,346.0,0.0,7.333333333333333,0.0,,,,,-5.849324779946859,,,-5.849324779946859,0,0.24710624473696133
294,893,1311,204339,Yue Fei,2010-09-13,0.0,,0,,,,,0.0,,211472,Oleksandra Korashvili,2015-07-27,48.0,5.8,0,,0.4,582.0,38.0,0.0,,-48.0,,,,,-3.6635616461296463,,,-3.6635616461296463,0,0.23883902971791127
295,893,1315,204339,Yue Fei,2010-09-13,0.0,,0,,,,,0.0,,211533,Jelena Ostapenko,2024-09-09,0.0,7.3,2,3.9444444444444446,0.5,12.0,3008.0,158.0,8.092592592592593,0.0,,,,,-8.009363076630045,,,-8.009363076630045,0,0.18642381231961297
296,893,1385,204339,Yue Fei,2010-09-13,0.0,,0,,,,,0.0,,211977,Adrijana Lekaj,2023-04-15,0.0,,4,,0.5,,,316.0,,0.0,,,,,,,,,0,0.4647832042393757
297,893,1394,204339,Yue Fei,2010-09-13,0.0,,0,,,,,0.0,,212044,Katharina Gerlach,2022-08-29,0.0,11.5,0,1.2,0.3,251.0,261.0,0.0,9.6,0.0,,,,,-5.568344503761097,,,-5.568344503761097,0,0.2559042974624985
298,893,1457,204339,Yue Fei,2010-09-13,0.0,,0,,,,,0.0,,212302,Lesedi Sheya Jacobs,2015-04-17,0.0,,0,,0.0,,,0.0,,0.0,,,,,,,,,0,0.4647832042393757
299,893,1691,204339,Yue Fei,2010-09-13,0.0,,0,,,,,0.0,,214646,Xiaodi You,2024-10-28,112.0,7.7,5,2.4375,0.4,306.0,207.0,517.0,9.0,-112.0,,,,,-5.337538079701318,,,-5.337538079701318,0,0.12108110915409115
300,893,1696,204339,Yue Fei,2010-09-13,0.0,,0,,,,,0.0,,214679,Sunam Jeong,2019-02-09,0.0,9.0,0,1.0,0.3333333333333333,582.0,27.0,0.0,9.333333333333334,0.0,,,,,-3.332204510175204,,,-3.332204510175204,0,0.33283382691278196
301,893,1726,204339,Yue Fei,2010-09-13,0.0,,0,,,,,0.0,,214882,Oliwia Szymczuch,2015-04-06,28.0,,0,,1.0,,,0.0,,-28.0,,,,,,,,,0,0.40626784344833733
302,893,1762,204339,Yue Fei,2010-09-13,0.0,,0,,,,,0.0,,215064,Maria Mateas,2024-08-26,0.0,7.777777777777778,0,2.0,0.3333333333333333,190.0,369.0,0.0,6.333333333333333,0.0,,,,,-5.91350300563827,,,-5.91350300563827,0,0.2451254504743476
303,893,1764,204339,Yue Fei,2010-09-13,0.0,,0,,,,,0.0,,215096,Jaimee Fourlis,2024-05-27,0.0,8.2,0,1.9166666666666667,0.4,294.0,234.0,0.0,8.916666666666666,0.0,,,,,-5.459585514144159,,,-5.459585514144159,0,0.25936441663513193
304,893,2047,204339,Yue Fei,2010-09-13,0.0,,0,,,,,0.0,,220757,Lia Karatancheva,2023-04-14,0.0,,3,,1.0,518.0,79.0,338.0,,0.0,,,,,-4.382026634673881,,,-4.382026634673881,0,0.2952484171108534
305,893,2218,204339,Yue Fei,2010-09-13,0.0,,0,,,,,0.0,,222034,Reese Brantmeier,2022-03-07,0.0,6.333333333333333,0,4.0,0.5,525.0,84.0,0.0,6.0,0.0,,,,,-4.442651256490317,,,-4.442651256490317,0,0.2931543891142306
306,893,2275,204339,Yue Fei,2010-09-13,0.0,,0,,,,,0.0,,223135,Shaira Hope Rivera,2020-02-08,0.0,1.0,1,4.0,1.0,,,37.0,1.0,0.0,,,,,,,,,0,0.4647832042393757
307,893,2318,204339,Yue Fei,2010-09-13,0.0,,0,,,,,0.0,,232447,Celine Naef,2024-08-26,152.0,9.5,0,3.076923076923077,0.3,177.0,400.0,0.0,8.461538461538462,-152.0,,,,,-5.993961427306569,,,-5.993961427306569,0,0.08077418749751046
308,893,2338,204339,Yue Fei,2010-09-13,0.0,,0,,,,,0.0,,239129,Lina Soussi,2024-09-09,0.0,,0,,,,,0.0,,0.0,,,,,,,,,0,0.4647832042393757
309,893,2458,204339,Yue Fei,2010-09-13,0.0,,0,,,,,0.0,,267256,Melinda Biro,2024-07-15,0.0,,0,,,,,0.0,,0.0,,,,,,,,,0,0.4647832042393757
310,986,1,204433,Syna Kayser,2012-05-21,0.0,,0,,,609.0,45.0,0.0,,200002,Mirjana Lucic,2018-01-15,138.0,10.8,3,2.972972972972973,0.4,30.0,1618.0,234.0,9.027027027027026,-138.0,579.0,,-1573.0,,-7.389563953677635,,,-7.389563953677635,0,0.020471065282114908
311,986,316,204433,Syna Kayser,2012-05-21,0.0,,0,,,609.0,45.0,0.0,,201658,Carmen Klaschka,2010-05-03,72.0,11.0,2,0.0,0.6666666666666666,245.0,205.0,132.0,11.0,-72.0,364.0,,-160.0,,-5.327876168789581,,,-5.327876168789581,0,0.1094465745726442
312,986,335,204433,Syna Kayser,2012-05-21,0.0,,0,,,609.0,45.0,0.0,,201678,Sacha Jones,2018-01-01,0.0,12.714285714285714,0,,0.2,,,0.0,,0.0,,,,,,,,,1,0.551241403317054
313,986,378,204433,Syna Kayser,2012-05-21,0.0,,0,,,609.0,45.0,0.0,,202306,Diana Ospina,2012-09-10,0.0,,0,,,595.0,44.0,0.0,,0.0,14.0,,1.0,,-3.8066624897703196,,,-3.8066624897703196,0,0.38786729311469276
314,986,463,204433,Syna Kayser,2012-05-21,0.0,,0,,,609.0,45.0,0.0,,202459,Bojana Bobusic,2013-01-14,0.0,10.0,5,2.1666666666666665,0.375,307.0,152.0,549.0,10.666666666666666,0.0,302.0,,-107.0,,-5.030437921392435,,,-5.030437921392435,0,0.215907993664326
315,986,485,204433,Syna Kayser,2012-05-21,0.0,,0,,,609.0,45.0,0.0,,202481,Chi Chi Scholl,2014-09-08,0.0,9.833333333333334,0,,0.0,454.0,69.0,0.0,,0.0,155.0,,-24.0,,-4.248495242049359,,,-4.248495242049359,0,0.30368094150086683
316,986,627,204433,Syna Kayser,2012-05-21,0.0,,0,,,609.0,45.0,0.0,,202703,Constance Sibille,2015-05-18,60.0,10.0,0,1.0,0.3333333333333333,320.0,116.0,0.0,15.0,-60.0,289.0,,-71.0,,-4.762173934797756,,,-4.762173934797756,0,0.15212561239557607
317,986,835,204433,Syna Kayser,2012-05-21,0.0,,0,,,609.0,45.0,0.0,,204271,Biljana Pawlowa Dimitrova,2010-02-05,0.0,,0,,,857.0,14.0,0.0,,0.0,-248.0,,31.0,,-2.70805020110221,,,-2.70805020110221,1,0.5693251930298506
318,986,847,204433,Syna Kayser,2012-05-21,0.0,,0,,,609.0,45.0,0.0,,204292,Hyojung Yea,2011-09-19,0.0,11.0,0,0.0,0.0,1108.0,7.0,0.0,11.0,0.0,-499.0,,38.0,,-2.0794415416798357,,,-2.0794415416798357,1,0.7123087438763477
319,986,893,204433,Syna Kayser,2012-05-21,0.0,,0,,,609.0,45.0,0.0,,204339,Yue Fei,2010-09-13,0.0,,0,,,,,0.0,,0.0,,,,,,,,,1,0.551241403317054
320,986,1017,204433,Syna Kayser,2012-05-21,0.0,,0,,,609.0,45.0,0.0,,205789,Na Ri Kim,2022-04-16,0.0,5.25,0,,0.5714285714285714,1535.0,4.0,0.0,,0.0,-926.0,,41.0,,-1.6094379124341003,,,-1.6094379124341003,1,0.8666674726626146
321,986,1175,204433,Syna Kayser,2012-05-21,0.0,,0,,,609.0,45.0,0.0,,209919,Carina Litfin,2014-05-19,0.0,,0,,,,,0.0,,0.0,,,,,,,,,1,0.551241403317054
322,986,1179,204433,Syna Kayser,2012-05-21,0.0,,0,,,609.0,45.0,0.0,,210064,Denise Muresan,2014-09-08,0.0,,0,,,421.0,79.0,0.0,,0.0,188.0,,-34.0,,-4.382026634673881,,,-4.382026634673881,0,0.2842448450437209
323,986,1230,204433,Syna Kayser,2012-05-21,0.0,,0,,,609.0,45.0,0.0,,210884,Melisa Martinov,2012-04-20,0.0,,0,,,,,0.0,,0.0,,,,,,,,,1,0.551241403317054
324,986,1278,204433,Syna Kayser,2012-05-21,0.0,,0,,,609.0,45.0,0.0,,211260,Marie Benoit,2024-11-15,0.0,10.0,0,1.6666666666666667,0.2,208.0,346.0,0.0,7.333333333333333,0.0,401.0,,-301.0,,-5.849324779946859,,,-5.849324779946859,0,0.15589298817459446
325,986,1311,204433,Syna Kayser,2012-05-21,0.0,,0,,,609.0,45.0,0.0,,211472,Oleksandra Korashvili,2015-07-27,48.0,5.8,0,,0.4,582.0,38.0,0.0,,-48.0,27.0,,7.0,,-3.6635616461296463,,,-3.6635616461296463,0,0.29604306781848283
326,986,1315,204433,Syna Kayser,2012-05-21,0.0,,0,,,609.0,45.0,0.0,,211533,Jelena Ostapenko,2024-09-09,0.0,7.3,2,3.9444444444444446,0.5,12.0,3008.0,158.0,8.092592592592593,0.0,597.0,,-2963.0,,-8.009363076630045,,,-8.009363076630045,0,0.03740226821471224
327,986,1385,204433,Syna Kayser,2012-05-21,0.0,,0,,,609.0,45.0,0.0,,211977,Adrijana Lekaj,2023-04-15,0.0,,4,,0.5,,,316.0,,0.0,,,,,,,,,1,0.551241403317054
328,986,1394,204433,Syna Kayser,2012-05-21,0.0,,0,,,609.0,45.0,0.0,,212044,Katharina Gerlach,2022-08-29,0.0,11.5,0,1.2,0.3,251.0,261.0,0.0,9.6,0.0,358.0,,-216.0,,-5.568344503761097,,,-5.568344503761097,0,0.17831238392389454
329,986,1457,204433,Syna Kayser,2012-05-21,0.0,,0,,,609.0,45.0,0.0,,212302,Lesedi Sheya Jacobs,2015-04-17,0.0,,0,,0.0,,,0.0,,0.0,,,,,,,,,1,0.551241403317054
330,986,1691,204433,Syna Kayser,2012-05-21,0.0,,0,,,609.0,45.0,0.0,,214646,Xiaodi You,2024-10-28,112.0,7.7,5,2.4375,0.4,306.0,207.0,517.0,9.0,-112.0,303.0,,-162.0,,-5.337538079701318,,,-5.337538079701318,0,0.09009528453613316
331,986,1696,204433,Syna Kayser,2012-05-21,0.0,,0,,,609.0,45.0,0.0,,214679,Sunam Jeong,2019-02-09,0.0,9.0,0,1.0,0.3333333333333333,582.0,27.0,0.0,9.333333333333334,0.0,27.0,,18.0,,-3.332204510175204,,,-3.332204510175204,0,0.4014860170105504
332,986,1726,204433,Syna Kayser,2012-05-21,0.0,,0,,,609.0,45.0,0.0,,214882,Oliwia Szymczuch,2015-04-06,28.0,,0,,1.0,,,0.0,,-28.0,,,,,,,,,0,0.49184395064632613
333,986,1762,204433,Syna Kayser,2012-05-21,0.0,,0,,,609.0,45.0,0.0,,215064,Maria Mateas,2024-08-26,0.0,7.777777777777778,0,2.0,0.3333333333333333,190.0,369.0,0.0,6.333333333333333,0.0,419.0,,-324.0,,-5.91350300563827,,,-5.91350300563827,0,0.14880707129176665
334,986,1764,204433,Syna Kayser,2012-05-21,0.0,,0,,,609.0,45.0,0.0,,215096,Jaimee Fourlis,2024-05-27,0.0,8.2,0,1.9166666666666667,0.4,294.0,234.0,0.0,8.916666666666666,0.0,315.0,,-189.0,,-5.459585514144159,,,-5.459585514144159,0,0.19584670223733733
335,986,2047,204433,Syna Kayser,2012-05-21,0.0,,0,,,609.0,45.0,0.0,,220757,Lia Karatancheva,2023-04-14,0.0,,3,,1.0,518.0,79.0,338.0,,0.0,91.0,,-34.0,,-4.382026634673881,,,-4.382026634673881,0,0.32690696244428563
336,986,2218,204433,Syna Kayser,2012-05-21,0.0,,0,,,609.0,45.0,0.0,,222034,Reese Brantmeier,2022-03-07,0.0,6.333333333333333,0,4.0,0.5,525.0,84.0,0.0,6.0,0.0,84.0,,-39.0,,-4.442651256490317,,,-4.442651256490317,0,0.32755702280571247
337,986,2275,204433,Syna Kayser,2012-05-21,0.0,,0,,,609.0,45.0,0.0,,223135,Shaira Hope Rivera,2020-02-08,0.0,1.0,1,4.0,1.0,,,37.0,1.0,0.0,,,,,,,,,1,0.551241403317054
338,986,2318,204433,Syna Kayser,2012-05-21,0.0,,0,,,609.0,45.0,0.0,,232447,Celine Naef,2024-08-26,152.0,9.5,0,3.076923076923077,0.3,177.0,400.0,0.0,8.461538461538462,-152.0,432.0,,-355.0,,-5.993961427306569,,,-5.993961427306569,0,0.04363456613143479
339,986,2338,204433,Syna Kayser,2012-05-21,0.0,,0,,,609.0,45.0,0.0,,239129,Lina Soussi,2024-09-09,0.0,,0,,,,,0.0,,0.0,,,,,,,,,1,0.551241403317054
340,986,2458,204433,Syna Kayser,2012-05-21,0.0,,0,,,609.0,45.0,0.0,,267256,Melinda Biro,2024-07-15,0.0,,0,,,,,0.0,,0.0,,,,,,,,,1,0.551241403317054
341,1017,1,205789,Na Ri Kim,2022-04-16,0.0,5.25,0,,0.5714285714285714,1535.0,4.0,0.0,,200002,Mirjana Lucic,2018-01-15,138.0,10.8,3,2.972972972972973,0.4,30.0,1618.0,234.0,9.027027027027026,-138.0,1505.0,,-1614.0,-5.556982489929325,-7.389563953677635,,-6.937578829934578,-7.389563953677635,0,0.0031707016219742826
342,1017,316,205789,Na Ri Kim,2022-04-16,0.0,5.25,0,,0.5714285714285714,1535.0,4.0,0.0,,201658,Carmen Klaschka,2010-05-03,72.0,11.0,2,0.0,0.6666666666666666,245.0,205.0,132.0,11.0,-72.0,1290.0,,-201.0,-3.495294705041271,-5.327876168789581,,-4.875891045046524,-5.327876168789581,0,0.01637959601027774
343,1017,335,205789,Na Ri Kim,2022-04-16,0.0,5.25,0,,0.5714285714285714,1535.0,4.0,0.0,,201678,Sacha Jones,2018-01-01,0.0,12.714285714285714,0,,0.2,,,0.0,,0.0,,,,,,,,,1,0.6740546228047978
344,1017,378,205789,Na Ri Kim,2022-04-16,0.0,5.25,0,,0.5714285714285714,1535.0,4.0,0.0,,202306,Diana Ospina,2012-09-10,0.0,,0,,,595.0,44.0,0.0,,0.0,940.0,,-40.0,-1.9740810260220096,-3.8066624897703196,,-3.3546773660272624,-3.8066624897703196,0,0.0730440812894062
345,1017,463,205789,Na Ri Kim,2022-04-16,0.0,5.25,0,,0.5714285714285714,1535.0,4.0,0.0,,202459,Bojana Bobusic,2013-01-14,0.0,10.0,5,2.1666666666666665,0.375,307.0,152.0,549.0,10.666666666666666,0.0,1228.0,,-148.0,-3.1978564576441255,-5.030437921392435,,-4.578452797649378,-5.030437921392435,0,0.03539188158535105
346,1017,485,205789,Na Ri Kim,2022-04-16,0.0,5.25,0,,0.5714285714285714,1535.0,4.0,0.0,,202481,Chi Chi Scholl,2014-09-08,0.0,9.833333333333334,0,,0.0,454.0,69.0,0.0,,0.0,1081.0,,-65.0,-2.4159137783010487,-4.248495242049359,,-3.7965101183063017,-4.248495242049359,0,0.05267612920437854
347,1017,627,205789,Na Ri Kim,2022-04-16,0.0,5.25,0,,0.5714285714285714,1535.0,4.0,0.0,,202703,Constance Sibille,2015-05-18,60.0,10.0,0,1.0,0.3333333333333333,320.0,116.0,0.0,15.0,-60.0,1215.0,,-112.0,-2.929592471049446,-4.762173934797756,,-4.310188811054699,-4.762173934797756,0,0.02300623431485954
348,1017,835,205789,Na Ri Kim,2022-04-16,0.0,5.25,0,,0.5714285714285714,1535.0,4.0,0.0,,204271,Biljana Pawlowa Dimitrova,2010-02-05,0.0,,0,,,857.0,14.0,0.0,,0.0,678.0,,-10.0,-0.8754687373538999,-2.70805020110221,,-2.256065077359153,-2.70805020110221,0,0.13384355154286454
349,1017,847,205789,Na Ri Kim,2022-04-16,0.0,5.25,0,,0.5714285714285714,1535.0,4.0,0.0,,204292,Hyojung Yea,2011-09-19,0.0,11.0,0,0.0,0.0,1108.0,7.0,0.0,11.0,0.0,427.0,,-3.0,-0.24686007793152578,-2.0794415416798357,,-1.6274564179367788,-2.0794415416798357,0,0.21835007743524637
350,1017,893,205789,Na Ri Kim,2022-04-16,0.0,5.25,0,,0.5714285714285714,1535.0,4.0,0.0,,204339,Yue Fei,2010-09-13,0.0,,0,,,,,0.0,,0.0,,,,,,,,,1,0.6740546228047978
351,1017,986,205789,Na Ri Kim,2022-04-16,0.0,5.25,0,,0.5714285714285714,1535.0,4.0,0.0,,204433,Syna Kayser,2012-05-21,0.0,,0,,,609.0,45.0,0.0,,0.0,926.0,,-41.0,-1.9960599327407849,-3.828641396489095,,-3.376656272746038,-3.828641396489095,0,0.07484756615273563
352,1017,1175,205789,Na Ri Kim,2022-04-16,0.0,5.25,0,,0.5714285714285714,1535.0,4.0,0.0,,209919,Carina Litfin,2014-05-19,0.0,,0,,,,,0.0,,0.0,,,,,,,,,1,0.6740546228047978
353,1017,1179,205789,Na Ri Kim,2022-04-16,0.0,5.25,0,,0.5714285714285714,1535.0,4.0,0.0,,210064,Denise Muresan,2014-09-08,0.0,,0,,,421.0,79.0,0.0,,0.0,1114.0,,-75.0,-2.5494451709255714,-4.382026634673881,,-3.9300415109308244,-4.382026634673881,0,0.048539399115867646
354,1017,1230,205789,Na Ri Kim,2022-04-16,0.0,5.25,0,,0.5714285714285714,1535.0,4.0,0.0,,210884,Melisa Martinov,2012-04-20,0.0,,0,,,,,0.0,,0.0,,,,,,,,,1,0.6740546228047978
355,1017,1278,205789,Na Ri Kim,2022-04-16,0.0,5.25,0,,0.5714285714285714,1535.0,4.0,0.0,,211260,Marie Benoit,2024-11-15,0.0,10.0,0,1.6666666666666667,0.2,208.0,346.0,0.0,7.333333333333333,0.0,1327.0,,-342.0,-4.016743316198549,-5.849324779946859,,-5.397339656203802,-5.849324779946859,0,0.025123445715580235
356,1017,1311,205789,Na Ri Kim,2022-04-16,0.0,5.25,0,,0.5714285714285714,1535.0,4.0,0.0,,211472,Oleksandra Korashvili,2015-07-27,48.0,5.8,0,,0.4,582.0,38.0,0.0,,-48.0,953.0,,-34.0,-1.8309801823813363,-3.6635616461296463,,-3.211576522386589,-3.6635616461296463,0,0.049320520230098794
357,1017,1315,205789,Na Ri Kim,2022-04-16,0.0,5.25,0,,0.5714285714285714,1535.0,4.0,0.0,,211533,Jelena Ostapenko,2024-09-09,0.0,7.3,2,3.9444444444444446,0.5,12.0,3008.0,158.0,8.092592592592593,0.0,1523.0,,-3004.0,-6.176781612881735,-8.009363076630045,,-7.557377952886988,-8.009363076630045,0,0.006086785726793198
358,1017,1385,205789,Na Ri Kim,2022-04-16,0.0,5.25,0,,0.5714285714285714,1535.0,4.0,0.0,,211977,Adrijana Lekaj,2023-04-15,0.0,,4,,0.5,,,316.0,,0.0,,,,,,,,,1,0.6740546228047978
359,1017,1394,205789,Na Ri Kim,2022-04-16,0.0,5.25,0,,0.5714285714285714,1535.0,4.0,0.0,,212044,Katharina Gerlach,2022-08-29,0.0,11.5,0,1.2,0.3,251.0,261.0,0.0,9.6,0.0,1284.0,,-257.0,-3.735763040012787,-5.568344503761097,,-5.116359380018039,-5.568344503761097,0,0.028942804751519457
360,1017,1457,205789,Na Ri Kim,2022-04-16,0.0,5.25,0,,0.5714285714285714,1535.0,4.0,0.0,,212302,Lesedi Sheya Jacobs,2015-04-17,0.0,,0,,0.0,,,0.0,,0.0,,,,,,,,,1,0.6740546228047978
361,1017,1691,205789,Na Ri Kim,2022-04-16,0.0,5.25,0,,0.5714285714285714,1535.0,4.0,0.0,,214646,Xiaodi You,2024-10-28,112.0,7.7,5,2.4375,0.4,306.0,207.0,517.0,9.0,-112.0,1229.0,,-203.0,-3.5049566159530077,-5.337538079701318,,-4.885552955958261,-5.337538079701318,0,0.01324600940005918
362,1017,1696,205789,Na Ri Kim,2022-04-16,0.0,5.25,0,,0.5714285714285714,1535.0,4.0,0.0,,214679,Sunam Jeong,2019-02-09,0.0,9.0,0,1.0,0.3333333333333333,582.0,27.0,0.0,9.333333333333334,0.0,953.0,,-23.0,-1.4996230464268938,-3.332204510175204,,-2.8802193864321466,-3.332204510175204,0,0.07511964390319892
363,1017,1726,205789,Na Ri Kim,2022-04-16,0.0,5.25,0,,0.5714285714285714,1535.0,4.0,0.0,,214882,Oliwia Szymczuch,2015-04-06,28.0,,0,,1.0,,,0.0,,-28.0,,,,,,,,,1,0.6196979816960401
364,1017,1762,205789,Na Ri Kim,2022-04-16,0.0,5.25,0,,0.5714285714285714,1535.0,4.0,0.0,,215064,Maria Mateas,2024-08-26,0.0,7.777777777777778,0,2.0,0.3333333333333333,190.0,369.0,0.0,6.333333333333333,0.0,1345.0,,-365.0,-4.08092154188996,-5.91350300563827,,-5.461517881895213,-5.91350300563827,0,0.023898055772611546
365,1017,1764,205789,Na Ri Kim,2022-04-16,0.0,5.25,0,,0.5714285714285714,1535.0,4.0,0.0,,215096,Jaimee Fourlis,2024-05-27,0.0,8.2,0,1.9166666666666667,0.4,294.0,234.0,0.0,8.916666666666666,0.0,1241.0,,-230.0,-3.6270040503958487,-5.459585514144159,,-5.007600390401102,-5.459585514144159,0,0.03217599689018931
366,1017,2047,205789,Na Ri Kim,2022-04-16,0.0,5.25,0,,0.5714285714285714,1535.0,4.0,0.0,,220757,Lia Karatancheva,2023-04-14,0.0,,3,,1.0,518.0,79.0,338.0,,0.0,1017.0,,-75.0,-2.5494451709255714,-4.382026634673881,,-3.9300415109308244,-4.382026634673881,0,0.058727296716589876
367,1017,2218,205789,Na Ri Kim,2022-04-16,0.0,5.25,0,,0.5714285714285714,1535.0,4.0,0.0,,222034,Reese Brantmeier,2022-03-07,0.0,6.333333333333333,0,4.0,0.5,525.0,84.0,0.0,6.0,0.0,1010.0,,-80.0,-2.6100697927420065,-4.442651256490317,,-3.990666132747259,-4.442651256490317,0,0.059080442987814015
368,1017,2275,205789,Na Ri Kim,2022-04-16,0.0,5.25,0,,0.5714285714285714,1535.0,4.0,0.0,,223135,Shaira Hope Rivera,2020-02-08,0.0,1.0,1,4.0,1.0,,,37.0,1.0,0.0,,,,,,,,,1,0.6740546228047978
369,1017,2318,205789,Na Ri Kim,2022-04-16,0.0,5.25,0,,0.5714285714285714,1535.0,4.0,0.0,,232447,Celine Naef,2024-08-26,152.0,9.5,0,3.076923076923077,0.3,177.0,400.0,0.0,8.461538461538462,-152.0,1358.0,,-396.0,-4.161379963558259,-5.993961427306569,,-5.541976303563512,-5.993961427306569,0,0.006377784518501686
370,1017,2338,205789,Na Ri Kim,2022-04-16,0.0,5.25,0,,0.5714285714285714,1535.0,4.0,0.0,,239129,Lina Soussi,2024-09-09,0.0,,0,,,,,0.0,,0.0,,,,,,,,,1,0.6740546228047978
371,1017,2458,205789,Na Ri Kim,2022-04-16,0.0,5.25,0,,0.5714285714285714,1535.0,4.0,0.0,,267256,Melinda Biro,2024-07-15,0.0,,0,,,,,0.0,,0.0,,,,,,,,,1,0.6740546228047978
372,1175,1,209919,Carina Litfin,2014-05-19,0.0,,0,,,,,0.0,,200002,Mirjana Lucic,2018-01-15,138.0,10.8,3,2.972972972972973,0.4,30.0,1618.0,234.0,9.027027027027026,-138.0,,,,,-7.389563953677635,,,-7.389563953677635,0,0.07277200150794697
373,1175,316,209919,Carina Litfin,2014-05-19,0.0,,0,,,,,0.0,,201658,Carmen Klaschka,2010-05-03,72.0,11.0,2,0.0,0.6666666666666666,245.0,205.0,132.0,11.0,-72.0,,,,,-5.327876168789581,,,-5.327876168789581,0,0.1624412499118633
374,1175,335,209919,Carina Litfin,2014-05-19,0.0,,0,,,,,0.0,,201678,Sacha Jones,2018-01-01,0.0,12.714285714285714,0,,0.2,,,0.0,,0.0,,,,,,,,,0,0.4647832042393757
375,1175,378,209919,Carina Litfin,2014-05-19,0.0,,0,,,,,0.0,,202306,Diana Ospina,2012-09-10,0.0,,0,,,595.0,44.0,0.0,,0.0,,,,,-3.8066624897703196,,,-3.8066624897703196,0,0.3155454676783912
376,1175,463,209919,Carina Litfin,2014-05-19,0.0,,0,,,,,0.0,,202459,Bojana Bobusic,2013-01-14,0.0,10.0,5,2.1666666666666665,0.375,307.0,152.0,549.0,10.666666666666666,0.0,,,,,-5.030437921392435,,,-5.030437921392435,0,0.27331102272294416
377,1175,485,209919,Carina Litfin,2014-05-19,0.0,,0,,,,,0.0,,202481,Chi Chi Scholl,2014-09-08,0.0,9.833333333333334,0,,0.0,454.0,69.0,0.0,,0.0,,,,,-4.248495242049359,,,-4.248495242049359,0,0.29989119654588625
378,1175,627,209919,Carina Litfin,2014-05-19,0.0,,0,,,,,0.0,,202703,Constance Sibille,2015-05-18,60.0,10.0,0,1.0,0.3333333333333333,320.0,116.0,0.0,15.0,-60.0,,,,,-4.762173934797756,,,-4.762173934797756,0,0.190936198220245
379,1175,835,209919,Carina Litfin,2014-05-19,0.0,,0,,,,,0.0,,204271,Biljana Pawlowa Dimitrova,2010-02-05,0.0,,0,,,857.0,14.0,0.0,,0.0,,,,,-2.70805020110221,,,-2.70805020110221,0,0.3562744838116847
380,1175,847,209919,Carina Litfin,2014-05-19,0.0,,0,,,,,0.0,,204292,Hyojung Yea,2011-09-19,0.0,11.0,0,0.0,0.0,1108.0,7.0,0.0,11.0,0.0,,,,,-2.0794415416798357,,,-2.0794415416798357,0,0.3805993278330075
381,1175,893,209919,Carina Litfin,2014-05-19,0.0,,0,,,,,0.0,,204339,Yue Fei,2010-09-13,0.0,,0,,,,,0.0,,0.0,,,,,,,,,0,0.4647832042393757
382,1175,986,209919,Carina Litfin,2014-05-19,0.0,,0,,,,,0.0,,204433,Syna Kayser,2012-05-21,0.0,,0,,,609.0,45.0,0.0,,0.0,,,,,-3.828641396489095,,,-3.828641396489095,0,0.3147563738065142
383,1175,1017,209919,Carina Litfin,2014-05-19,0.0,,0,,,,,0.0,,205789,Na Ri Kim,2022-04-16,0.0,5.25,0,,0.5714285714285714,1535.0,4.0,0.0,,0.0,,,,,-1.6094379124341003,,,-1.6094379124341003,0,0.39919449913292626
384,1175,1179,209919,Carina Litfin,2014-05-19,0.0,,0,,,,,0.0,,210064,Denise Muresan,2014-09-08,0.0,,0,,,421.0,79.0,0.0,,0.0,,,,,-4.382026634673881,,,-4.382026634673881,0,0.2952484171108534
385,1175,1230,209919,Carina Litfin,2014-05-19,0.0,,0,,,,,0.0,,210884,Melisa Martinov,2012-04-20,0.0,,0,,,,,0.0,,0.0,,,,,,,,,0,0.4647832042393757
386,1175,1278,209919,Carina Litfin,2014-05-19,0.0,,0,,,,,0.0,,211260,Marie Benoit,2024-11-15,0.0,10.0,0,1.6666666666666667,0.2,208.0,346.0,0.0,7.333333333333333,0.0,,,,,-5.849324779946859,,,-5.849324779946859,0,0.24710624473696133
387,1175,1311,209919,Carina Litfin,2014-05-19,0.0,,0,,,,,0.0,,211472,Oleksandra Korashvili,2015-07-27,48.0,5.8,0,,0.4,582.0,38.0,0.0,,-48.0,,,,,-3.6635616461296463,,,-3.6635616461296463,0,0.23883902971791127
388,1175,1315,209919,Carina Litfin,2014-05-19,0.0,,0,,,,,0.0,,211533,Jelena Ostapenko,2024-09-09,0.0,7.3,2,3.9444444444444446,0.5,12.0,3008.0,158.0,8.092592592592593,0.0,,,,,-8.009363076630045,,,-8.009363076630045,0,0.18642381231961297
389,1175,1385,209919,Carina Litfin,2014-05-19,0.0,,0,,,,,0.0,,211977,Adrijana Lekaj,2023-04-15,0.0,,4,,0.5,,,316.0,,0.0,,,,,,,,,0,0.4647832042393757
390,1175,1394,209919,Carina Litfin,2014-05-19,0.0,,0,,,,,0.0,,212044,Katharina Gerlach,2022-08-29,0.0,11.5,0,1.2,0.3,251.0,261.0,0.0,9.6,0.0,,,,,-5.568344503761097,,,-5.568344503761097,0,0.2559042974624985
391,1175,1457,209919,Carina Litfin,2014-05-19,0.0,,0,,,,,0.0,,212302,Lesedi Sheya Jacobs,2015-04-17,0.0,,0,,0.0,,,0.0,,0.0,,,,,,,,,0,0.4647832042393757
392,1175,1691,209919,Carina Litfin,2014-05-19,0.0,,0,,,,,0.0,,214646,Xiaodi You,2024-10-28,112.0,7.7,5,2.4375,0.4,306.0,207.0,517.0,9.0,-112.0,,,,,-5.337538079701318,,,-5.337538079701318,0,0.12108110915409115
393,1175,1696,209919,Carina Litfin,2014-05-19,0.0,,0,,,,,0.0,,214679,Sunam Jeong,2019-02-09,0.0,9.0,0,1.0,0.3333333333333333,582.0,27.0,0.0,9.333333333333334,0.0,,,,,-3.332204510175204,,,-3.332204510175204,0,0.33283382691278196
394,1175,1726,209919,Carina Litfin,2014-05-19,0.0,,0,,,,,0.0,,214882,Oliwia Szymczuch,2015-04-06,28.0,,0,,1.0,,,0.0,,-28.0,,,,,,,,,0,0.40626784344833733
395,1175,1762,209919,Carina Litfin,2014-05-19,0.0,,0,,,,,0.0,,215064,Maria Mateas,2024-08-26,0.0,7.777777777777778,0,2.0,0.3333333333333333,190.0,369.0,0.0,6.333333333333333,0.0,,,,,-5.91350300563827,,,-5.91350300563827,0,0.2451254504743476
396,1175,1764,209919,Carina Litfin,2014-05-19,0.0,,0,,,,,0.0,,215096,Jaimee Fourlis,2024-05-27,0.0,8.2,0,1.9166666666666667,0.4,294.0,234.0,0.0,8.916666666666666,0.0,,,,,-5.459585514144159,,,-5.459585514144159,0,0.25936441663513193
397,1175,2047,209919,Carina Litfin,2014-05-19,0.0,,0,,,,,0.0,,220757,Lia Karatancheva,2023-04-14,0.0,,3,,1.0,518.0,79.0,338.0,,0.0,,,,,-4.382026634673881,,,-4.382026634673881,0,0.2952484171108534
398,1175,2218,209919,Carina Litfin,2014-05-19,0.0,,0,,,,,0.0,,222034,Reese Brantmeier,2022-03-07,0.0,6.333333333333333,0,4.0,0.5,525.0,84.0,0.0,6.0,0.0,,,,,-4.442651256490317,,,-4.442651256490317,0,0.2931543891142306
399,1175,2275,209919,Carina Litfin,2014-05-19,0.0,,0,,,,,0.0,,223135,Shaira Hope Rivera,2020-02-08,0.0,1.0,1,4.0,1.0,,,37.0,1.0,0.0,,,,,,,,,0,0.4647832042393757
400,1175,2318,209919,Carina Litfin,2014-05-19,0.0,,0,,,,,0.0,,232447,Celine Naef,2024-08-26,152.0,9.5,0,3.076923076923077,0.3,177.0,400.0,0.0,8.461538461538462,-152.0,,,,,-5.993961427306569,,,-5.993961427306569,0,0.08077418749751046
401,1175,2338,209919,Carina Litfin,2014-05-19,0.0,,0,,,,,0.0,,239129,Lina Soussi,2024-09-09,0.0,,0,,,,,0.0,,0.0,,,,,,,,,0,0.4647832042393757
402,1175,2458,209919,Carina Litfin,2014-05-19,0.0,,0,,,,,0.0,,267256,Melinda Biro,2024-07-15,0.0,,0,,,,,0.0,,0.0,,,,,,,,,0,0.4647832042393757
403,1179,1,210064,Denise Muresan,2014-09-08,0.0,,0,,,421.0,79.0,0.0,,200002,Mirjana Lucic,2018-01-15,138.0,10.8,3,2.972972972972973,0.4,30.0,1618.0,234.0,9.027027027027026,-138.0,391.0,,-1539.0,,-7.389563953677635,,,-7.389563953677635,0,0.027330335412872754
404,1179,316,210064,Denise Muresan,2014-09-08,0.0,,0,,,421.0,79.0,0.0,,201658,Carmen Klaschka,2010-05-03,72.0,11.0,2,0.0,0.6666666666666666,245.0,205.0,132.0,11.0,-72.0,176.0,,-126.0,,-5.327876168789581,,,-5.327876168789581,0,0.14180305173901145
405,1179,335,210064,Denise Muresan,2014-09-08,0.0,,0,,,421.0,79.0,0.0,,201678,Sacha Jones,2018-01-01,0.0,12.714285714285714,0,,0.2,,,0.0,,0.0,,,,,,,,,1,0.5253376276311413
406,1179,378,210064,Denise Muresan,2014-09-08,0.0,,0,,,421.0,79.0,0.0,,202306,Diana Ospina,2012-09-10,0.0,,0,,,595.0,44.0,0.0,,0.0,-174.0,,35.0,,-3.8066624897703196,,,-3.8066624897703196,0,0.4600171124694558
407,1179,463,210064,Denise Muresan,2014-09-08,0.0,,0,,,421.0,79.0,0.0,,202459,Bojana Bobusic,2013-01-14,0.0,10.0,5,2.1666666666666665,0.375,307.0,152.0,549.0,10.666666666666666,0.0,114.0,,-73.0,,-5.030437921392435,,,-5.030437921392435,0,0.27018938715053686
408,1179,485,210064,Denise Muresan,2014-09-08,0.0,,0,,,421.0,79.0,0.0,,202481,Chi Chi Scholl,2014-09-08,0.0,9.833333333333334,0,,0.0,454.0,69.0,0.0,,0.0,-33.0,,10.0,,-4.248495242049359,,,-4.248495242049359,0,0.369626778518479
409,1179,627,210064,Denise Muresan,2014-09-08,0.0,,0,,,421.0,79.0,0.0,,202703,Constance Sibille,2015-05-18,60.0,10.0,0,1.0,0.3333333333333333,320.0,116.0,0.0,15.0,-60.0,101.0,,-37.0,,-4.762173934797756,,,-4.762173934797756,0,0.19434607233255544
410,1179,835,210064,Denise Muresan,2014-09-08,0.0,,0,,,421.0,79.0,0.0,,204271,Biljana Pawlowa Dimitrova,2010-02-05,0.0,,0,,,857.0,14.0,0.0,,0.0,-436.0,,65.0,,-2.70805020110221,,,-2.70805020110221,1,0.6399415761725231
411,1179,847,210064,Denise Muresan,2014-09-08,0.0,,0,,,421.0,79.0,0.0,,204292,Hyojung Yea,2011-09-19,0.0,11.0,0,0.0,0.0,1108.0,7.0,0.0,11.0,0.0,-687.0,,72.0,,-2.0794415416798357,,,-2.0794415416798357,1,0.7689933202610041
412,1179,893,210064,Denise Muresan,2014-09-08,0.0,,0,,,421.0,79.0,0.0,,204339,Yue Fei,2010-09-13,0.0,,0,,,,,0.0,,0.0,,,,,,,,,1,0.5253376276311413
413,1179,986,210064,Denise Muresan,2014-09-08,0.0,,0,,,421.0,79.0,0.0,,204433,Syna Kayser,2012-05-21,0.0,,0,,,609.0,45.0,0.0,,0.0,-188.0,,34.0,,-3.828641396489095,,,-3.828641396489095,0,0.4662576467658617
414,1179,1017,210064,Denise Muresan,2014-09-08,0.0,,0,,,421.0,79.0,0.0,,205789,Na Ri Kim,2022-04-16,0.0,5.25,0,,0.5714285714285714,1535.0,4.0,0.0,,0.0,-1114.0,,75.0,,-1.6094379124341003,,,-1.6094379124341003,1,0.8973224003708931
415,1179,1175,210064,Denise Muresan,2014-09-08,0.0,,0,,,421.0,79.0,0.0,,209919,Carina Litfin,2014-05-19,0.0,,0,,,,,0.0,,0.0,,,,,,,,,1,0.5253376276311413
416,1179,1230,210064,Denise Muresan,2014-09-08,0.0,,0,,,421.0,79.0,0.0,,210884,Melisa Martinov,2012-04-20,0.0,,0,,,,,0.0,,0.0,,,,,,,,,1,0.5253376276311413
417,1179,1278,210064,Denise Muresan,2014-09-08,0.0,,0,,,421.0,79.0,0.0,,211260,Marie Benoit,2024-11-15,0.0,10.0,0,1.6666666666666667,0.2,208.0,346.0,0.0,7.333333333333333,0.0,213.0,,-267.0,,-5.849324779946859,,,-5.849324779946859,0,0.1989137363058426
418,1179,1311,210064,Denise Muresan,2014-09-08,0.0,,0,,,421.0,79.0,0.0,,211472,Oleksandra Korashvili,2015-07-27,48.0,5.8,0,,0.4,582.0,38.0,0.0,,-48.0,-161.0,,41.0,,-3.6635616461296463,,,-3.6635616461296463,0,0.3611906431406358
419,1179,1315,210064,Denise Muresan,2014-09-08,0.0,,0,,,421.0,79.0,0.0,,211533,Jelena Ostapenko,2024-09-09,0.0,7.3,2,3.9444444444444446,0.5,12.0,3008.0,158.0,8.092592592592593,0.0,409.0,,-2929.0,,-8.009363076630045,,,-8.009363076630045,0,0.04964715882015903
420,1179,1385,210064,Denise Muresan,2014-09-08,0.0,,0,,,421.0,79.0,0.0,,211977,Adrijana Lekaj,2023-04-15,0.0,,4,,0.5,,,316.0,,0.0,,,,,,,,,1,0.5253376276311413
421,1179,1394,210064,Denise Muresan,2014-09-08,0.0,,0,,,421.0,79.0,0.0,,212044,Katharina Gerlach,2022-08-29,0.0,11.5,0,1.2,0.3,251.0,261.0,0.0,9.6,0.0,170.0,,-182.0,,-5.568344503761097,,,-5.568344503761097,0,0.22586457570583246
422,1179,1457,210064,Denise Muresan,2014-09-08,0.0,,0,,,421.0,79.0,0.0,,212302,Lesedi Sheya Jacobs,2015-04-17,0.0,,0,,0.0,,,0.0,,0.0,,,,,,,,,1,0.5253376276311413
423,1179,1691,210064,Denise Muresan,2014-09-08,0.0,,0,,,421.0,79.0,0.0,,214646,Xiaodi You,2024-10-28,112.0,7.7,5,2.4375,0.4,306.0,207.0,517.0,9.0,-112.0,115.0,,-128.0,,-5.337538079701318,,,-5.337538079701318,0,0.11748553389707124
424,1179,1696,210064,Denise Muresan,2014-09-08,0.0,,0,,,421.0,79.0,0.0,,214679,Sunam Jeong,2019-02-09,0.0,9.0,0,1.0,0.3333333333333333,582.0,27.0,0.0,9.333333333333334,0.0,-161.0,,52.0,,-3.332204510175204,,,-3.332204510175204,0,0.47420664332607115
425,1179,1726,210064,Denise Muresan,2014-09-08,0.0,,0,,,421.0,79.0,0.0,,214882,Oliwia Szymczuch,2015-04-06,28.0,,0,,1.0,,,0.0,,-28.0,,,,,,,,,0,0.46583396959027235
426,1179,1762,210064,Denise Muresan,2014-09-08,0.0,,0,,,421.0,79.0,0.0,,215064,Maria Mateas,2024-08-26,0.0,7.777777777777778,0,2.0,0.3333333333333333,190.0,369.0,0.0,6.333333333333333,0.0,231.0,,-290.0,,-5.91350300563827,,,-5.91350300563827,0,0.1903132447206072
427,1179,1764,210064,Denise Muresan,2014-09-08,0.0,,0,,,421.0,79.0,0.0,,215096,Jaimee Fourlis,2024-05-27,0.0,8.2,0,1.9166666666666667,0.4,294.0,234.0,0.0,8.916666666666666,0.0,127.0,,-155.0,,-5.459585514144159,,,-5.459585514144159,0,0.24667118138303792
428,1179,2047,210064,Denise Muresan,2014-09-08,0.0,,0,,,421.0,79.0,0.0,,220757,Lia Karatancheva,2023-04-14,0.0,,3,,1.0,518.0,79.0,338.0,,0.0,-97.0,,0.0,,-4.382026634673881,,,-4.382026634673881,0,0.3950350891641482
429,1179,2218,210064,Denise Muresan,2014-09-08,0.0,,0,,,421.0,79.0,0.0,,222034,Reese Brantmeier,2022-03-07,0.0,6.333333333333333,0,4.0,0.5,525.0,84.0,0.0,6.0,0.0,-104.0,,-5.0,,-4.442651256490317,,,-4.442651256490317,0,0.39574097240933276
430,1179,2275,210064,Denise Muresan,2014-09-08,0.0,,0,,,421.0,79.0,0.0,,223135,Shaira Hope Rivera,2020-02-08,0.0,1.0,1,4.0,1.0,,,37.0,1.0,0.0,,,,,,,,,1,0.5253376276311413
431,1179,2318,210064,Denise Muresan,2014-09-08,0.0,,0,,,421.0,79.0,0.0,,232447,Celine Naef,2024-08-26,152.0,9.5,0,3.076923076923077,0.3,177.0,400.0,0.0,8.461538461538462,-152.0,244.0,,-321.0,,-5.993961427306569,,,-5.993961427306569,0,0.05779730012551093
432,1179,2338,210064,Denise Muresan,2014-09-08,0.0,,0,,,421.0,79.0,0.0,,239129,Lina Soussi,2024-09-09,0.0,,0,,,,,0.0,,0.0,,,,,,,,,1,0.5253376276311413
433,1179,2458,210064,Denise Muresan,2014-09-08,0.0,,0,,,421.0,79.0,0.0,,267256,Melinda Biro,2024-07-15,0.0,,0,,,,,0.0,,0.0,,,,,,,,,1,0.5253376276311413
434,1230,1,210884,Melisa Martinov,2012-04-20,0.0,,0,,,,,0.0,,200002,Mirjana Lucic,2018-01-15,138.0,10.8,3,2.972972972972973,0.4,30.0,1618.0,234.0,9.027027027027026,-138.0,,,,,-7.389563953677635,,,-7.389563953677635,0,0.07277200150794697
435,1230,316,210884,Melisa Martinov,2012-04-20,0.0,,0,,,,,0.0,,201658,Carmen Klaschka,2010-05-03,72.0,11.0,2,0.0,0.6666666666666666,245.0,205.0,132.0,11.0,-72.0,,,,,-5.327876168789581,,,-5.327876168789581,0,0.1624412499118633
436,1230,335,210884,Melisa Martinov,2012-04-20,0.0,,0,,,,,0.0,,201678,Sacha Jones,2018-01-01,0.0,12.714285714285714,0,,0.2,,,0.0,,0.0,,,,,,,,,0,0.4647832042393757
437,1230,378,210884,Melisa Martinov,2012-04-20,0.0,,0,,,,,0.0,,202306,Diana Ospina,2012-09-10,0.0,,0,,,595.0,44.0,0.0,,0.0,,,,,-3.8066624897703196,,,-3.8066624897703196,0,0.3155454676783912
438,1230,463,210884,Melisa Martinov,2012-04-20,0.0,,0,,,,,0.0,,202459,Bojana Bobusic,2013-01-14,0.0,10.0,5,2.1666666666666665,0.375,307.0,152.0,549.0,10.666666666666666,0.0,,,,,-5.030437921392435,,,-5.030437921392435,0,0.27331102272294416
439,1230,485,210884,Melisa Martinov,2012-04-20,0.0,,0,,,,,0.0,,202481,Chi Chi Scholl,2014-09-08,0.0,9.833333333333334,0,,0.0,454.0,69.0,0.0,,0.0,,,,,-4.248495242049359,,,-4.248495242049359,0,0.29989119654588625
440,1230,627,210884,Melisa Martinov,2012-04-20,0.0,,0,,,,,0.0,,202703,Constance Sibille,2015-05-18,60.0,10.0,0,1.0,0.3333333333333333,320.0,116.0,0.0,15.0,-60.0,,,,,-4.762173934797756,,,-4.762173934797756,0,0.190936198220245
441,1230,835,210884,Melisa Martinov,2012-04-20,0.0,,0,,,,,0.0,,204271,Biljana Pawlowa Dimitrova,2010-02-05,0.0,,0,,,857.0,14.0,0.0,,0.0,,,,,-2.70805020110221,,,-2.70805020110221,0,0.3562744838116847
442,1230,847,210884,Melisa Martinov,2012-04-20,0.0,,0,,,,,0.0,,204292,Hyojung Yea,2011-09-19,0.0,11.0,0,0.0,0.0,1108.0,7.0,0.0,11.0,0.0,,,,,-2.0794415416798357,,,-2.0794415416798357,0,0.3805993278330075
443,1230,893,210884,Melisa Martinov,2012-04-20,0.0,,0,,,,,0.0,,204339,Yue Fei,2010-09-13,0.0,,0,,,,,0.0,,0.0,,,,,,,,,0,0.4647832042393757
444,1230,986,210884,Melisa Martinov,2012-04-20,0.0,,0,,,,,0.0,,204433,Syna Kayser,2012-05-21,0.0,,0,,,609.0,45.0,0.0,,0.0,,,,,-3.828641396489095,,,-3.828641396489095,0,0.3147563738065142
445,1230,1017,210884,Melisa Martinov,2012-04-20,0.0,,0,,,,,0.0,,205789,Na Ri Kim,2022-04-16,0.0,5.25,0,,0.5714285714285714,1535.0,4.0,0.0,,0.0,,,,,-1.6094379124341003,,,-1.6094379124341003,0,0.39919449913292626
446,1230,1175,210884,Melisa Martinov,2012-04-20,0.0,,0,,,,,0.0,,209919,Carina Litfin,2014-05-19,0.0,,0,,,,,0.0,,0.0,,,,,,,,,0,0.4647832042393757
447,1230,1179,210884,Melisa Martinov,2012-04-20,0.0,,0,,,,,0.0,,210064,Denise Muresan,2014-09-08,0.0,,0,,,421.0,79.0,0.0,,0.0,,,,,-4.382026634673881,,,-4.382026634673881,0,0.2952484171108534
448,1230,1278,210884,Melisa Martinov,2012-04-20,0.0,,0,,,,,0.0,,211260,Marie Benoit,2024-11-15,0.0,10.0,0,1.6666666666666667,0.2,208.0,346.0,0.0,7.333333333333333,0.0,,,,,-5.849324779946859,,,-5.849324779946859,0,0.24710624473696133
449,1230,1311,210884,Melisa Martinov,2012-04-20,0.0,,0,,,,,0.0,,211472,Oleksandra Korashvili,2015-07-27,48.0,5.8,0,,0.4,582.0,38.0,0.0,,-48.0,,,,,-3.6635616461296463,,,-3.6635616461296463,0,0.23883902971791127
450,1230,1315,210884,Melisa Martinov,2012-04-20,0.0,,0,,,,,0.0,,211533,Jelena Ostapenko,2024-09-09,0.0,7.3,2,3.9444444444444446,0.5,12.0,3008.0,158.0,8.092592592592593,0.0,,,,,-8.009363076630045,,,-8.009363076630045,0,0.18642381231961297
451,1230,1385,210884,Melisa Martinov,2012-04-20,0.0,,0,,,,,0.0,,211977,Adrijana Lekaj,2023-04-15,0.0,,4,,0.5,,,316.0,,0.0,,,,,,,,,0,0.4647832042393757
452,1230,1394,210884,Melisa Martinov,2012-04-20,0.0,,0,,,,,0.0,,212044,Katharina Gerlach,2022-08-29,0.0,11.5,0,1.2,0.3,251.0,261.0,0.0,9.6,0.0,,,,,-5.568344503761097,,,-5.568344503761097,0,0.2559042974624985
453,1230,1457,210884,Melisa Martinov,2012-04-20,0.0,,0,,,,,0.0,,212302,Lesedi Sheya Jacobs,2015-04-17,0.0,,0,,0.0,,,0.0,,0.0,,,,,,,,,0,0.4647832042393757
454,1230,1691,210884,Melisa Martinov,2012-04-20,0.0,,0,,,,,0.0,,214646,Xiaodi You,2024-10-28,112.0,7.7,5,2.4375,0.4,306.0,207.0,517.0,9.0,-112.0,,,,,-5.337538079701318,,,-5.337538079701318,0,0.12108110915409115
455,1230,1696,210884,Melisa Martinov,2012-04-20,0.0,,0,,,,,0.0,,214679,Sunam Jeong,2019-02-09,0.0,9.0,0,1.0,0.3333333333333333,582.0,27.0,0.0,9.333333333333334,0.0,,,,,-3.332204510175204,,,-3.332204510175204,0,0.33283382691278196
456,1230,1726,210884,Melisa Martinov,2012-04-20,0.0,,0,,,,,0.0,,214882,Oliwia Szymczuch,2015-04-06,28.0,,0,,1.0,,,0.0,,-28.0,,,,,,,,,0,0.40626784344833733
457,1230,1762,210884,Melisa Martinov,2012-04-20,0.0,,0,,,,,0.0,,215064,Maria Mateas,2024-08-26,0.0,7.777777777777778,0,2.0,0.3333333333333333,190.0,369.0,0.0,6.333333333333333,0.0,,,,,-5.91350300563827,,,-5.91350300563827,0,0.2451254504743476
458,1230,1764,210884,Melisa Martinov,2012-04-20,0.0,,0,,,,,0.0,,215096,Jaimee Fourlis,2024-05-27,0.0,8.2,0,1.9166666666666667,0.4,294.0,234.0,0.0,8.916666666666666,0.0,,,,,-5.459585514144159,,,-5.459585514144159,0,0.25936441663513193
459,1230,2047,210884,Melisa Martinov,2012-04-20,0.0,,0,,,,,0.0,,220757,Lia Karatancheva,2023-04-14,0.0,,3,,1.0,518.0,79.0,338.0,,0.0,,,,,-4.382026634673881,,,-4.382026634673881,0,0.2952484171108534
460,1230,2218,210884,Melisa Martinov,2012-04-20,0.0,,0,,,,,0.0,,222034,Reese Brantmeier,2022-03-07,0.0,6.333333333333333,0,4.0,0.5,525.0,84.0,0.0,6.0,0.0,,,,,-4.442651256490317,,,-4.442651256490317,0,0.2931543891142306
461,1230,2275,210884,Melisa Martinov,2012-04-20,0.0,,0,,,,,0.0,,223135,Shaira Hope Rivera,2020-02-08,0.0,1.0,1,4.0,1.0,,,37.0,1.0,0.0,,,,,,,,,0,0.4647832042393757
462,1230,2318,210884,Melisa Martinov,2012-04-20,0.0,,0,,,,,0.0,,232447,Celine Naef,2024-08-26,152.0,9.5,0,3.076923076923077,0.3,177.0,400.0,0.0,8.461538461538462,-152.0,,,,,-5.993961427306569,,,-5.993961427306569,0,0.08077418749751046
463,1230,2338,210884,Melisa Martinov,2012-04-20,0.0,,0,,,,,0.0,,239129,Lina Soussi,2024-09-09,0.0,,0,,,,,0.0,,0.0,,,,,,,,,0,0.4647832042393757
464,1230,2458,210884,Melisa Martinov,2012-04-20,0.0,,0,,,,,0.0,,267256,Melinda Biro,2024-07-15,0.0,,0,,,,,0.0,,0.0,,,,,,,,,0,0.4647832042393757
465,1278,1,211260,Marie Benoit,2024-11-15,0.0,10.0,0,1.6666666666666667,0.2,208.0,346.0,0.0,7.333333333333333,200002,Mirjana Lucic,2018-01-15,138.0,10.8,3,2.972972972972973,0.4,30.0,1618.0,234.0,9.027027027027026,-138.0,178.0,-1.6936936936936933,-1272.0,-4.991668680879265,-7.389563953677635,-6.408734700665909,-7.2072423968836805,-7.389563953677635,0,0.004547219858397816
466,1278,316,211260,Marie Benoit,2024-11-15,0.0,10.0,0,1.6666666666666667,0.2,208.0,346.0,0.0,7.333333333333333,201658,Carmen Klaschka,2010-05-03,72.0,11.0,2,0.0,0.6666666666666666,245.0,205.0,132.0,11.0,-72.0,-37.0,-3.666666666666667,141.0,-2.9299808959912106,-5.327876168789581,-4.347046915777855,-5.145554611995626,-5.327876168789581,0,0.034024198318807715
467,1278,335,211260,Marie Benoit,2024-11-15,0.0,10.0,0,1.6666666666666667,0.2,208.0,346.0,0.0,7.333333333333333,201678,Sacha Jones,2018-01-01,0.0,12.714285714285714,0,,0.2,,,0.0,,0.0,,,,,,,,,0,0.49917560000785044
468,1278,378,211260,Marie Benoit,2024-11-15,0.0,10.0,0,1.6666666666666667,0.2,208.0,346.0,0.0,7.333333333333333,202306,Diana Ospina,2012-09-10,0.0,,0,,,595.0,44.0,0.0,,0.0,-387.0,,302.0,-1.4087672169719492,-3.8066624897703196,-2.8258332367585934,-3.624340932976365,-3.8066624897703196,0,0.18692624736862104
469,1278,463,211260,Marie Benoit,2024-11-15,0.0,10.0,0,1.6666666666666667,0.2,208.0,346.0,0.0,7.333333333333333,202459,Bojana Bobusic,2013-01-14,0.0,10.0,5,2.1666666666666665,0.375,307.0,152.0,549.0,10.666666666666666,0.0,-99.0,-3.333333333333333,194.0,-2.632542648594065,-5.030437921392435,-4.049608668380709,-4.848116364598481,-5.030437921392435,0,0.0761453604025489
470,1278,485,211260,Marie Benoit,2024-11-15,0.0,10.0,0,1.6666666666666667,0.2,208.0,346.0,0.0,7.333333333333333,202481,Chi Chi Scholl,2014-09-08,0.0,9.833333333333334,0,,0.0,454.0,69.0,0.0,,0.0,-246.0,,277.0,-1.8505999692509885,-4.248495242049359,-3.2676659890376327,-4.0661736852554045,-4.248495242049359,0,0.12957912558916676
471,1278,627,211260,Marie Benoit,2024-11-15,0.0,10.0,0,1.6666666666666667,0.2,208.0,346.0,0.0,7.333333333333333,202703,Constance Sibille,2015-05-18,60.0,10.0,0,1.0,0.3333333333333333,320.0,116.0,0.0,15.0,-60.0,-112.0,-7.666666666666667,230.0,-2.3642786619993856,-4.762173934797756,-3.7813446817860297,-4.579852378003801,-4.762173934797756,0,0.05129117185704468
472,1278,835,211260,Marie Benoit,2024-11-15,0.0,10.0,0,1.6666666666666667,0.2,208.0,346.0,0.0,7.333333333333333,204271,Biljana Pawlowa Dimitrova,2010-02-05,0.0,,0,,,857.0,14.0,0.0,,0.0,-649.0,,332.0,-0.3101549283038396,-2.70805020110221,-1.7272209480904839,-2.5257286443082556,-2.70805020110221,0,0.35825050641638184
473,1278,847,211260,Marie Benoit,2024-11-15,0.0,10.0,0,1.6666666666666667,0.2,208.0,346.0,0.0,7.333333333333333,204292,Hyojung Yea,2011-09-19,0.0,11.0,0,0.0,0.0,1108.0,7.0,0.0,11.0,0.0,-900.0,-3.666666666666667,339.0,0.3184537311185346,-2.0794415416798357,-1.0986122886681096,-1.8971199848858813,-2.0794415416798357,1,0.5263976254979212
474,1278,893,211260,Marie Benoit,2024-11-15,0.0,10.0,0,1.6666666666666667,0.2,208.0,346.0,0.0,7.333333333333333,204339,Yue Fei,2010-09-13,0.0,,0,,,,,0.0,,0.0,,,,,,,,,0,0.49917560000785044
475,1278,986,211260,Marie Benoit,2024-11-15,0.0,10.0,0,1.6666666666666667,0.2,208.0,346.0,0.0,7.333333333333333,204433,Syna Kayser,2012-05-21,0.0,,0,,,609.0,45.0,0.0,,0.0,-401.0,,301.0,-1.4307461236907244,-3.828641396489095,-2.8478121434773684,-3.6463198396951406,-3.828641396489095,0,0.19030264554747603
476,1278,1017,211260,Marie Benoit,2024-11-15,0.0,10.0,0,1.6666666666666667,0.2,208.0,346.0,0.0,7.333333333333333,205789,Na Ri Kim,2022-04-16,0.0,5.25,0,,0.5714285714285714,1535.0,4.0,0.0,,0.0,-1327.0,,342.0,0.7884573603642703,-1.6094379124341003,-0.628608659422374,-1.4271163556401458,-1.6094379124341003,1,0.7616056932624578
477,1278,1175,211260,Marie Benoit,2024-11-15,0.0,10.0,0,1.6666666666666667,0.2,208.0,346.0,0.0,7.333333333333333,209919,Carina Litfin,2014-05-19,0.0,,0,,,,,0.0,,0.0,,,,,,,,,0,0.49917560000785044
478,1278,1179,211260,Marie Benoit,2024-11-15,0.0,10.0,0,1.6666666666666667,0.2,208.0,346.0,0.0,7.333333333333333,210064,Denise Muresan,2014-09-08,0.0,,0,,,421.0,79.0,0.0,,0.0,-213.0,,267.0,-1.984131361875511,-4.382026634673881,-3.401197381662155,-4.199705077879927,-4.382026634673881,0,0.11745003184457649
479,1278,1230,211260,Marie Benoit,2024-11-15,0.0,10.0,0,1.6666666666666667,0.2,208.0,346.0,0.0,7.333333333333333,210884,Melisa Martinov,2012-04-20,0.0,,0,,,,,0.0,,0.0,,,,,,,,,0,0.49917560000785044
480,1278,1311,211260,Marie Benoit,2024-11-15,0.0,10.0,0,1.6666666666666667,0.2,208.0,346.0,0.0,7.333333333333333,211472,Oleksandra Korashvili,2015-07-27,48.0,5.8,0,,0.4,582.0,38.0,0.0,,-48.0,-374.0,,308.0,-1.2656663733312759,-3.6635616461296463,-2.68273239311792,-3.481240089335692,-3.6635616461296463,0,0.13467196814002974
481,1278,1315,211260,Marie Benoit,2024-11-15,0.0,10.0,0,1.6666666666666667,0.2,208.0,346.0,0.0,7.333333333333333,211533,Jelena Ostapenko,2024-09-09,0.0,7.3,2,3.9444444444444446,0.5,12.0,3008.0,158.0,8.092592592592593,0.0,196.0,-0.7592592592592604,-2662.0,-5.611467803831674,-8.009363076630045,-7.028533823618319,-7.827041519836091,-8.009363076630045,0,0.007786147382268525
482,1278,1385,211260,Marie Benoit,2024-11-15,0.0,10.0,0,1.6666666666666667,0.2,208.0,346.0,0.0,7.333333333333333,211977,Adrijana Lekaj,2023-04-15,0.0,,4,,0.5,,,316.0,,0.0,,,,,,,,,0,0.49917560000785044
483,1278,1394,211260,Marie Benoit,2024-11-15,0.0,10.0,0,1.6666666666666667,0.2,208.0,346.0,0.0,7.333333333333333,212044,Katharina Gerlach,2022-08-29,0.0,11.5,0,1.2,0.3,251.0,261.0,0.0,9.6,0.0,-43.0,-2.2666666666666666,85.0,-3.1704492309627264,-5.568344503761097,-4.58751525074937,-5.386022946967143,-5.568344503761097,0,0.05727628824006279
484,1278,1457,211260,Marie Benoit,2024-11-15,0.0,10.0,0,1.6666666666666667,0.2,208.0,346.0,0.0,7.333333333333333,212302,Lesedi Sheya Jacobs,2015-04-17,0.0,,0,,0.0,,,0.0,,0.0,,,,,,,,,0,0.49917560000785044
485,1278,1691,211260,Marie Benoit,2024-11-15,0.0,10.0,0,1.6666666666666667,0.2,208.0,346.0,0.0,7.333333333333333,214646,Xiaodi You,2024-10-28,112.0,7.7,5,2.4375,0.4,306.0,207.0,517.0,9.0,-112.0,-98.0,-1.666666666666667,139.0,-2.9396428069029477,-5.337538079701318,-4.356708826689592,-5.155216522907364,-5.337538079701318,0,0.02793760176877485
486,1278,1696,211260,Marie Benoit,2024-11-15,0.0,10.0,0,1.6666666666666667,0.2,208.0,346.0,0.0,7.333333333333333,214679,Sunam Jeong,2019-02-09,0.0,9.0,0,1.0,0.3333333333333333,582.0,27.0,0.0,9.333333333333334,0.0,-374.0,-2.000000000000001,319.0,-0.9343092373768334,-3.332204510175204,-2.3513752571634776,-3.1498829533812494,-3.332204510175204,0,0.20398366357604042
487,1278,1726,211260,Marie Benoit,2024-11-15,0.0,10.0,0,1.6666666666666667,0.2,208.0,346.0,0.0,7.333333333333333,214882,Oliwia Szymczuch,2015-04-06,28.0,,0,,1.0,,,0.0,,-28.0,,,,,,,,,0,0.4398890311445054
488,1278,1762,211260,Marie Benoit,2024-11-15,0.0,10.0,0,1.6666666666666667,0.2,208.0,346.0,0.0,7.333333333333333,215064,Maria Mateas,2024-08-26,0.0,7.777777777777778,0,2.0,0.3333333333333333,190.0,369.0,0.0,6.333333333333333,0.0,18.0,1.0,-23.0,-3.5156077328398996,-5.91350300563827,-4.932673752626544,-5.731181448844316,-5.91350300563827,0,0.045571505819372506
489,1278,1764,211260,Marie Benoit,2024-11-15,0.0,10.0,0,1.6666666666666667,0.2,208.0,346.0,0.0,7.333333333333333,215096,Jaimee Fourlis,2024-05-27,0.0,8.2,0,1.9166666666666667,0.4,294.0,234.0,0.0,8.916666666666666,0.0,-86.0,-1.583333333333333,112.0,-3.0616902413457883,-5.459585514144159,-4.478756261132433,-5.277263957350204,-5.459585514144159,0,0.06502748729466544
490,1278,2047,211260,Marie Benoit,2024-11-15,0.0,10.0,0,1.6666666666666667,0.2,208.0,346.0,0.0,7.333333333333333,220757,Lia Karatancheva,2023-04-14,0.0,,3,,1.0,518.0,79.0,338.0,,0.0,-310.0,,267.0,-1.984131361875511,-4.382026634673881,-3.401197381662155,-4.199705077879927,-4.382026634673881,0,0.1399737233516872
491,1278,2218,211260,Marie Benoit,2024-11-15,0.0,10.0,0,1.6666666666666667,0.2,208.0,346.0,0.0,7.333333333333333,222034,Reese Brantmeier,2022-03-07,0.0,6.333333333333333,0,4.0,0.5,525.0,84.0,0.0,6.0,0.0,-317.0,1.333333333333333,262.0,-2.044755983691946,-4.442651256490317,-3.46182200347859,-4.260329699696362,-4.442651256490317,0,0.14044692670113845
492,1278,2275,211260,Marie Benoit,2024-11-15,0.0,10.0,0,1.6666666666666667,0.2,208.0,346.0,0.0,7.333333333333333,223135,Shaira Hope Rivera,2020-02-08,0.0,1.0,1,4.0,1.0,,,37.0,1.0,0.0,,6.333333333333333,,,,,,,1,0.5102736840688762
493,1278,2318,211260,Marie Benoit,2024-11-15,0.0,10.0,0,1.6666666666666667,0.2,208.0,346.0,0.0,7.333333333333333,232447,Celine Naef,2024-08-26,152.0,9.5,0,3.076923076923077,0.3,177.0,400.0,0.0,8.461538461538462,-152.0,31.0,-1.1282051282051286,-54.0,-3.5960661545081987,-5.993961427306569,-5.013132174294843,-5.811639870512614,-5.993961427306569,0,0.011995380347343609
494,1278,2338,211260,Marie Benoit,2024-11-15,0.0,10.0,0,1.6666666666666667,0.2,208.0,346.0,0.0,7.333333333333333,239129,Lina Soussi,2024-09-09,0.0,,0,,,,,0.0,,0.0,,,,,,,,,0,0.49917560000785044
495,1278,2458,211260,Marie Benoit,2024-11-15,0.0,10.0,0,1.6666666666666667,0.2,208.0,346.0,0.0,7.333333333333333,267256,Melinda Biro,2024-07-15,0.0,,0,,,,,0.0,,0.0,,,,,,,,,0,0.49917560000785044
496,1311,1,211472,Oleksandra Korashvili,2015-07-27,48.0,5.8,0,,0.4,582.0,38.0,0.0,,200002,Mirjana Lucic,2018-01-15,138.0,10.8,3,2.972972972972973,0.4,30.0,1618.0,234.0,9.027027027027026,-90.0,552.0,,-1580.0,-5.472641341495574,-7.389563953677635,,-7.0530917170564225,-7.389563953677635,0,0.0178288751433408
497,1311,316,211472,Oleksandra Korashvili,2015-07-27,48.0,5.8,0,,0.4,582.0,38.0,0.0,,201658,Carmen Klaschka,2010-05-03,72.0,11.0,2,0.0,0.6666666666666666,245.0,205.0,132.0,11.0,-24.0,337.0,,-167.0,-3.41095355660752,-5.327876168789581,,-4.991403932168368,-5.327876168789581,0,0.08678613625187757
498,1311,335,211472,Oleksandra Korashvili,2015-07-27,48.0,5.8,0,,0.4,582.0,38.0,0.0,,201678,Sacha Jones,2018-01-01,0.0,12.714285714285714,0,,0.2,,,0.0,,48.0,,,,,,,,,1,0.6453266770888048
499,1311,378,211472,Oleksandra Korashvili,2015-07-27,48.0,5.8,0,,0.4,582.0,38.0,0.0,,202306,Diana Ospina,2012-09-10,0.0,,0,,,595.0,44.0,0.0,,48.0,-13.0,,-6.0,-1.8897398775882588,-3.8066624897703196,,-3.4701902531491067,-3.8066624897703196,0,0.3102047036825116
500,1311,463,211472,Oleksandra Korashvili,2015-07-27,48.0,5.8,0,,0.4,582.0,38.0,0.0,,202459,Bojana Bobusic,2013-01-14,0.0,10.0,5,2.1666666666666665,0.375,307.0,152.0,549.0,10.666666666666666,48.0,275.0,,-114.0,-3.1135153092103742,-5.030437921392435,,-4.693965684771222,-5.030437921392435,0,0.17313654215518068
501,1311,485,211472,Oleksandra Korashvili,2015-07-27,48.0,5.8,0,,0.4,582.0,38.0,0.0,,202481,Chi Chi Scholl,2014-09-08,0.0,9.833333333333334,0,,0.0,454.0,69.0,0.0,,48.0,128.0,,-31.0,-2.331572629867298,-4.248495242049359,,-3.912023005428146,-4.248495242049359,0,0.24089148009902392
502,1311,627,211472,Oleksandra Korashvili,2015-07-27,48.0,5.8,0,,0.4,582.0,38.0,0.0,,202703,Constance Sibille,2015-05-18,60.0,10.0,0,1.0,0.3333333333333333,320.0,116.0,0.0,15.0,-12.0,262.0,,-78.0,-2.8452513226156952,-4.762173934797756,,-4.425701698176543,-4.762173934797756,0,0.1184663101238272
503,1311,835,211472,Oleksandra Korashvili,2015-07-27,48.0,5.8,0,,0.4,582.0,38.0,0.0,,204271,Biljana Pawlowa Dimitrova,2010-02-05,0.0,,0,,,857.0,14.0,0.0,,48.0,-275.0,,24.0,-0.7911275889201491,-2.70805020110221,,-2.371577964480997,-2.70805020110221,0,0.46861294444703994
504,1311,847,211472,Oleksandra Korashvili,2015-07-27,48.0,5.8,0,,0.4,582.0,38.0,0.0,,204292,Hyojung Yea,2011-09-19,0.0,11.0,0,0.0,0.0,1108.0,7.0,0.0,11.0,48.0,-526.0,,31.0,-0.16251892949777494,-2.0794415416798357,,-1.742969305058623,-2.0794415416798357,1,0.6145249583257334
505,1311,893,211472,Oleksandra Korashvili,2015-07-27,48.0,5.8,0,,0.4,582.0,38.0,0.0,,204339,Yue Fei,2010-09-13,0.0,,0,,,,,0.0,,48.0,,,,,,,,,1,0.6453266770888048
506,1311,986,211472,Oleksandra Korashvili,2015-07-27,48.0,5.8,0,,0.4,582.0,38.0,0.0,,204433,Syna Kayser,2012-05-21,0.0,,0,,,609.0,45.0,0.0,,48.0,-27.0,,-7.0,-1.911718784307034,-3.828641396489095,,-3.492169159867882,-3.828641396489095,0,0.31586842904668566
507,1311,1017,211472,Oleksandra Korashvili,2015-07-27,48.0,5.8,0,,0.4,582.0,38.0,0.0,,205789,Na Ri Kim,2022-04-16,0.0,5.25,0,,0.5714285714285714,1535.0,4.0,0.0,,48.0,-953.0,,34.0,0.30748469974796055,-1.6094379124341003,,-1.2729656758128876,-1.6094379124341003,1,0.8029858821658122
508,1311,1175,211472,Oleksandra Korashvili,2015-07-27,48.0,5.8,0,,0.4,582.0,38.0,0.0,,209919,Carina Litfin,2014-05-19,0.0,,0,,,,,0.0,,48.0,,,,,,,,,1,0.6453266770888048
509,1311,1179,211472,Oleksandra Korashvili,2015-07-27,48.0,5.8,0,,0.4,582.0,38.0,0.0,,210064,Denise Muresan,2014-09-08,0.0,,0,,,421.0,79.0,0.0,,48.0,161.0,,-41.0,-2.4651040224918206,-4.382026634673881,,-4.045554398052669,-4.382026634673881,0,0.22549222390934964
510,1311,1230,211472,Oleksandra Korashvili,2015-07-27,48.0,5.8,0,,0.4,582.0,38.0,0.0,,210884,Melisa Martinov,2012-04-20,0.0,,0,,,,,0.0,,48.0,,,,,,,,,1,0.6453266770888048
511,1311,1278,211472,Oleksandra Korashvili,2015-07-27,48.0,5.8,0,,0.4,582.0,38.0,0.0,,211260,Marie Benoit,2024-11-15,0.0,10.0,0,1.6666666666666667,0.2,208.0,346.0,0.0,7.333333333333333,48.0,374.0,,-308.0,-3.9324021677647982,-5.849324779946859,,-5.512852543325646,-5.849324779946859,0,0.12821560068769627
512,1311,1315,211472,Oleksandra Korashvili,2015-07-27,48.0,5.8,0,,0.4,582.0,38.0,0.0,,211533,Jelena Ostapenko,2024-09-09,0.0,7.3,2,3.9444444444444446,0.5,12.0,3008.0,158.0,8.092592592592593,48.0,570.0,,-2970.0,-6.092440464447984,-8.009363076630045,,-7.672890840008832,-8.009363076630045,0,0.03376933934301795
513,1311,1385,211472,Oleksandra Korashvili,2015-07-27,48.0,5.8,0,,0.4,582.0,38.0,0.0,,211977,Adrijana Lekaj,2023-04-15,0.0,,4,,0.5,,,316.0,,48.0,,,,,,,,,1,0.6453266770888048
514,1311,1394,211472,Oleksandra Korashvili,2015-07-27,48.0,5.8,0,,0.4,582.0,38.0,0.0,,212044,Katharina Gerlach,2022-08-29,0.0,11.5,0,1.2,0.3,251.0,261.0,0.0,9.6,48.0,331.0,,-223.0,-3.651421891579036,-5.568344503761097,,-5.231872267139884,-5.568344503761097,0,0.1453703857518127
515,1311,1457,211472,Oleksandra Korashvili,2015-07-27,48.0,5.8,0,,0.4,582.0,38.0,0.0,,212302,Lesedi Sheya Jacobs,2015-04-17,0.0,,0,,0.0,,,0.0,,48.0,,,,,,,,,1,0.6453266770888048
516,1311,1691,211472,Oleksandra Korashvili,2015-07-27,48.0,5.8,0,,0.4,582.0,38.0,0.0,,214646,Xiaodi You,2024-10-28,112.0,7.7,5,2.4375,0.4,306.0,207.0,517.0,9.0,-64.0,276.0,,-169.0,-3.420615467519257,-5.337538079701318,,-5.001065843080105,-5.337538079701318,0,0.07115746432764954
517,1311,1696,211472,Oleksandra Korashvili,2015-07-27,48.0,5.8,0,,0.4,582.0,38.0,0.0,,214679,Sunam Jeong,2019-02-09,0.0,9.0,0,1.0,0.3333333333333333,582.0,27.0,0.0,9.333333333333334,48.0,0.0,,11.0,-1.415281897993143,-3.332204510175204,,-2.9957322735539913,-3.332204510175204,0,0.31671670433230975
518,1311,1726,211472,Oleksandra Korashvili,2015-07-27,48.0,5.8,0,,0.4,582.0,38.0,0.0,,214882,Oliwia Szymczuch,2015-04-06,28.0,,0,,1.0,,,0.0,,20.0,,,,,,,,,1,0.5890996651644589
519,1311,1762,211472,Oleksandra Korashvili,2015-07-27,48.0,5.8,0,,0.4,582.0,38.0,0.0,,215064,Maria Mateas,2024-08-26,0.0,7.777777777777778,0,2.0,0.3333333333333333,190.0,369.0,0.0,6.333333333333333,48.0,392.0,,-331.0,-3.996580393456209,-5.91350300563827,,-5.577030769017057,-5.91350300563827,0,0.12259424220221943
520,1311,1764,211472,Oleksandra Korashvili,2015-07-27,48.0,5.8,0,,0.4,582.0,38.0,0.0,,215096,Jaimee Fourlis,2024-05-27,0.0,8.2,0,1.9166666666666667,0.4,294.0,234.0,0.0,8.916666666666666,48.0,288.0,,-196.0,-3.542662901962098,-5.459585514144159,,-5.123113277522946,-5.459585514144159,0,0.15947371844117997
521,1311,2047,211472,Oleksandra Korashvili,2015-07-27,48.0,5.8,0,,0.4,582.0,38.0,0.0,,220757,Lia Karatancheva,2023-04-14,0.0,,3,,1.0,518.0,79.0,338.0,,48.0,64.0,,-41.0,-2.4651040224918206,-4.382026634673881,,-4.045554398052669,-4.382026634673881,0,0.2625710896690161
522,1311,2218,211472,Oleksandra Korashvili,2015-07-27,48.0,5.8,0,,0.4,582.0,38.0,0.0,,222034,Reese Brantmeier,2022-03-07,0.0,6.333333333333333,0,4.0,0.5,525.0,84.0,0.0,6.0,48.0,57.0,,-46.0,-2.5257286443082556,-4.442651256490317,,-4.106179019869104,-4.442651256490317,0,0.2638064709647049
523,1311,2275,211472,Oleksandra Korashvili,2015-07-27,48.0,5.8,0,,0.4,582.0,38.0,0.0,,223135,Shaira Hope Rivera,2020-02-08,0.0,1.0,1,4.0,1.0,,,37.0,1.0,48.0,,,,,,,,,1,0.6453266770888048
524,1311,2318,211472,Oleksandra Korashvili,2015-07-27,48.0,5.8,0,,0.4,582.0,38.0,0.0,,232447,Celine Naef,2024-08-26,152.0,9.5,0,3.076923076923077,0.3,177.0,400.0,0.0,8.461538461538462,-104.0,405.0,,-362.0,-4.077038815124508,-5.993961427306569,,-5.657489190685356,-5.993961427306569,0,0.03533674056712577
525,1311,2338,211472,Oleksandra Korashvili,2015-07-27,48.0,5.8,0,,0.4,582.0,38.0,0.0,,239129,Lina Soussi,2024-09-09,0.0,,0,,,,,0.0,,48.0,,,,,,,,,1,0.6453266770888048
526,1311,2458,211472,Oleksandra Korashvili,2015-07-27,48.0,5.8,0,,0.4,582.0,38.0,0.0,,267256,Melinda Biro,2024-07-15,0.0,,0,,,,,0.0,,48.0,,,,,,,,,1,0.6453266770888048
527,1315,1,211533,Jelena Ostapenko,2024-09-09,0.0,7.3,2,3.9444444444444446,0.5,12.0,3008.0,158.0,8.092592592592593,200002,Mirjana Lucic,2018-01-15,138.0,10.8,3,2.972972972972973,0.4,30.0,1618.0,234.0,9.027027027027026,-138.0,-18.0,-0.9344344344344329,1390.0,-5.273308438875083,-6.290951665009525,-5.79129934184166,-6.984098845569471,-2.3206597514574034,0,0.030452084472015327
528,1315,316,211533,Jelena Ostapenko,2024-09-09,0.0,7.3,2,3.9444444444444446,0.5,12.0,3008.0,158.0,8.092592592592593,201658,Carmen Klaschka,2010-05-03,72.0,11.0,2,0.0,0.6666666666666666,245.0,205.0,132.0,11.0,-72.0,-233.0,-2.9074074074074066,2803.0,-3.211620653987029,-4.229263880121471,-3.729611556953606,-4.922411060681417,-0.25897196656934957,0,0.19496580302117655
529,1315,335,211533,Jelena Ostapenko,2024-09-09,0.0,7.3,2,3.9444444444444446,0.5,12.0,3008.0,158.0,8.092592592592593,201678,Sacha Jones,2018-01-01,0.0,12.714285714285714,0,,0.2,,,0.0,,0.0,,,,,,,,,1,0.5104514348667861
530,1315,378,211533,Jelena Ostapenko,2024-09-09,0.0,7.3,2,3.9444444444444446,0.5,12.0,3008.0,158.0,8.092592592592593,202306,Diana Ospina,2012-09-10,0.0,,0,,,595.0,44.0,0.0,,0.0,-583.0,,2964.0,-1.6904069749677675,-2.70805020110221,-2.2083978779343445,-3.4011973816621555,1.2622417124499117,1,0.6112515142421876
531,1315,463,211533,Jelena Ostapenko,2024-09-09,0.0,7.3,2,3.9444444444444446,0.5,12.0,3008.0,158.0,8.092592592592593,202459,Bojana Bobusic,2013-01-14,0.0,10.0,5,2.1666666666666665,0.375,307.0,152.0,549.0,10.666666666666666,0.0,-295.0,-2.5740740740740726,2856.0,-2.9141824065898834,-3.9318256327243257,-3.43217330955646,-4.624972813284271,0.03846628082779614,0,0.36172051907037145
532,1315,485,211533,Jelena Ostapenko,2024-09-09,0.0,7.3,2,3.9444444444444446,0.5,12.0,3008.0,158.0,8.092592592592593,202481,Chi Chi Scholl,2014-09-08,0.0,9.833333333333334,0,,0.0,454.0,69.0,0.0,,0.0,-442.0,,2939.0,-2.1322397272468065,-3.1498829533812494,-2.650230630213384,-3.8430301339411947,0.8204089601708725,1,0.5044994976494042
533,1315,627,211533,Jelena Ostapenko,2024-09-09,0.0,7.3,2,3.9444444444444446,0.5,12.0,3008.0,158.0,8.092592592592593,202703,Constance Sibille,2015-05-18,60.0,10.0,0,1.0,0.3333333333333333,320.0,116.0,0.0,15.0,-60.0,-308.0,-6.9074074074074066,2892.0,-2.6459184199952035,-3.6635616461296463,-3.1639093229617807,-4.356708826689592,0.30673026742247544,0,0.2709956225196157
534,1315,835,211533,Jelena Ostapenko,2024-09-09,0.0,7.3,2,3.9444444444444446,0.5,12.0,3008.0,158.0,8.092592592592593,204271,Biljana Pawlowa Dimitrova,2010-02-05,0.0,,0,,,857.0,14.0,0.0,,0.0,-845.0,,2994.0,-0.5917946862996578,-1.6094379124341003,-1.1097855892662347,-2.3025850929940455,2.3608540011180215,1,0.792443576226451
535,1315,847,211533,Jelena Ostapenko,2024-09-09,0.0,7.3,2,3.9444444444444446,0.5,12.0,3008.0,158.0,8.092592592592593,204292,Hyojung Yea,2011-09-19,0.0,11.0,0,0.0,0.0,1108.0,7.0,0.0,11.0,0.0,-1096.0,-2.9074074074074066,3001.0,0.0368139731227164,-0.9808292530117262,-0.48117692984386073,-1.6739764335716716,2.9894626605403958,1,0.884289691359319
536,1315,893,211533,Jelena Ostapenko,2024-09-09,0.0,7.3,2,3.9444444444444446,0.5,12.0,3008.0,158.0,8.092592592592593,204339,Yue Fei,2010-09-13,0.0,,0,,,,,0.0,,0.0,,,,,,,,,1,0.5104514348667861
537,1315,986,211533,Jelena Ostapenko,2024-09-09,0.0,7.3,2,3.9444444444444446,0.5,12.0,3008.0,158.0,8.092592592592593,204433,Syna Kayser,2012-05-21,0.0,,0,,,609.0,45.0,0.0,,0.0,-597.0,,2963.0,-1.7123858816865427,-2.7300291078209855,-2.23037678465312,-3.4231762883809305,1.2402628057311365,1,0.6164811009445417
538,1315,1017,211533,Jelena Ostapenko,2024-09-09,0.0,7.3,2,3.9444444444444446,0.5,12.0,3008.0,158.0,8.092592592592593,205789,Na Ri Kim,2022-04-16,0.0,5.25,0,,0.5714285714285714,1535.0,4.0,0.0,,0.0,-1523.0,,3004.0,0.506817602368452,-0.5108256237659907,-0.011173300598125189,-1.2039728043259361,3.459466289786131,1,0.9562357218742851
539,1315,1175,211533,Jelena Ostapenko,2024-09-09,0.0,7.3,2,3.9444444444444446,0.5,12.0,3008.0,158.0,8.092592592592593,209919,Carina Litfin,2014-05-19,0.0,,0,,,,,0.0,,0.0,,,,,,,,,1,0.5104514348667861
540,1315,1179,211533,Jelena Ostapenko,2024-09-09,0.0,7.3,2,3.9444444444444446,0.5,12.0,3008.0,158.0,8.092592592592593,210064,Denise Muresan,2014-09-08,0.0,,0,,,421.0,79.0,0.0,,0.0,-409.0,,2929.0,-2.2657711198713293,-3.283414346005772,-2.7837620228379065,-3.9765615265657175,0.68687756754635,0,0.47648765558650114
541,1315,1230,211533,Jelena Ostapenko,2024-09-09,0.0,7.3,2,3.9444444444444446,0.5,12.0,3008.0,158.0,8.092592592592593,210884,Melisa Martinov,2012-04-20,0.0,,0,,,,,0.0,,0.0,,,,,,,,,1,0.5104514348667861
542,1315,1278,211533,Jelena Ostapenko,2024-09-09,0.0,7.3,2,3.9444444444444446,0.5,12.0,3008.0,158.0,8.092592592592593,211260,Marie Benoit,2024-11-15,0.0,10.0,0,1.6666666666666667,0.2,208.0,346.0,0.0,7.333333333333333,0.0,-196.0,0.7592592592592604,2662.0,-3.733069265144307,-4.750712491278749,-4.251060168110884,-5.443859671838695,-0.7804205777266277,0,0.25786593527187085
543,1315,1311,211533,Jelena Ostapenko,2024-09-09,0.0,7.3,2,3.9444444444444446,0.5,12.0,3008.0,158.0,8.092592592592593,211472,Oleksandra Korashvili,2015-07-27,48.0,5.8,0,,0.4,582.0,38.0,0.0,,-48.0,-570.0,,2970.0,-1.5473061313270942,-2.5649493574615367,-2.065297034293671,-3.258096538021482,1.405342556090585,1,0.5155991672470712
544,1315,1385,211533,Jelena Ostapenko,2024-09-09,0.0,7.3,2,3.9444444444444446,0.5,12.0,3008.0,158.0,8.092592592592593,211977,Adrijana Lekaj,2023-04-15,0.0,,4,,0.5,,,316.0,,0.0,,,,,,,,,1,0.5104514348667861
545,1315,1394,211533,Jelena Ostapenko,2024-09-09,0.0,7.3,2,3.9444444444444446,0.5,12.0,3008.0,158.0,8.092592592592593,212044,Katharina Gerlach,2022-08-29,0.0,11.5,0,1.2,0.3,251.0,261.0,0.0,9.6,0.0,-239.0,-1.5074074074074062,2747.0,-3.4520889889585447,-4.4697322150929875,-3.9700798919251215,-5.162879395652933,-0.4994403015408654,0,0.29465532162884767
546,1315,1457,211533,Jelena Ostapenko,2024-09-09,0.0,7.3,2,3.9444444444444446,0.5,12.0,3008.0,158.0,8.092592592592593,212302,Lesedi Sheya Jacobs,2015-04-17,0.0,,0,,0.0,,,0.0,,0.0,,,,,,,,,1,0.5104514348667861
547,1315,1691,211533,Jelena Ostapenko,2024-09-09,0.0,7.3,2,3.9444444444444446,0.5,12.0,3008.0,158.0,8.092592592592593,214646,Xiaodi You,2024-10-28,112.0,7.7,5,2.4375,0.4,306.0,207.0,517.0,9.0,-112.0,-294.0,-0.9074074074074066,2801.0,-3.2212825648987655,-4.238925791033208,-3.7392734678653428,-4.932072971593153,-0.2686338774810865,0,0.165006335256212
548,1315,1696,211533,Jelena Ostapenko,2024-09-09,0.0,7.3,2,3.9444444444444446,0.5,12.0,3008.0,158.0,8.092592592592593,214679,Sunam Jeong,2019-02-09,0.0,9.0,0,1.0,0.3333333333333333,582.0,27.0,0.0,9.333333333333334,0.0,-570.0,-1.2407407407407405,2981.0,-1.2159489953726517,-2.2335922215070942,-1.7339398983392287,-2.9267394020670396,1.7366996920450277,1,0.637938180913987
549,1315,1726,211533,Jelena Ostapenko,2024-09-09,0.0,7.3,2,3.9444444444444446,0.5,12.0,3008.0,158.0,8.092592592592593,214882,Oliwia Szymczuch,2015-04-06,28.0,,0,,1.0,,,0.0,,-28.0,,,,,,,,,0,0.4510317189048874
550,1315,1762,211533,Jelena Ostapenko,2024-09-09,0.0,7.3,2,3.9444444444444446,0.5,12.0,3008.0,158.0,8.092592592592593,215064,Maria Mateas,2024-08-26,0.0,7.777777777777778,0,2.0,0.3333333333333333,190.0,369.0,0.0,6.333333333333333,0.0,-178.0,1.7592592592592604,2639.0,-3.797247490835718,-4.814890716970161,-4.315238393802295,-5.508037897530106,-0.8445988034180386,0,0.24715868977687486
551,1315,1764,211533,Jelena Ostapenko,2024-09-09,0.0,7.3,2,3.9444444444444446,0.5,12.0,3008.0,158.0,8.092592592592593,215096,Jaimee Fourlis,2024-05-27,0.0,8.2,0,1.9166666666666667,0.4,294.0,234.0,0.0,8.916666666666666,0.0,-282.0,-0.8240740740740726,2774.0,-3.3433299993416066,-4.360973225476049,-3.861320902308184,-5.054120406035994,-0.39068131192392747,0,0.32350710798213056
552,1315,2047,211533,Jelena Ostapenko,2024-09-09,0.0,7.3,2,3.9444444444444446,0.5,12.0,3008.0,158.0,8.092592592592593,220757,Lia Karatancheva,2023-04-14,0.0,,3,,1.0,518.0,79.0,338.0,,0.0,-506.0,,2929.0,-2.2657711198713293,-3.283414346005772,-2.7837620228379065,-3.9765615265657175,0.68687756754635,1,0.5267682328503366
553,1315,2218,211533,Jelena Ostapenko,2024-09-09,0.0,7.3,2,3.9444444444444446,0.5,12.0,3008.0,158.0,8.092592592592593,222034,Reese Brantmeier,2022-03-07,0.0,6.333333333333333,0,4.0,0.5,525.0,84.0,0.0,6.0,0.0,-513.0,2.0925925925925934,2924.0,-2.3263957416877643,-3.3440389678222067,-2.844386644654341,-4.037186148382152,0.6262529457299151,1,0.5290729969101764
554,1315,2275,211533,Jelena Ostapenko,2024-09-09,0.0,7.3,2,3.9444444444444446,0.5,12.0,3008.0,158.0,8.092592592592593,223135,Shaira Hope Rivera,2020-02-08,0.0,1.0,1,4.0,1.0,,,37.0,1.0,0.0,,7.0925925925925934,,,,,,,1,0.5228671707239883
555,1315,2318,211533,Jelena Ostapenko,2024-09-09,0.0,7.3,2,3.9444444444444446,0.5,12.0,3008.0,158.0,8.092592592592593,232447,Celine Naef,2024-08-26,152.0,9.5,0,3.076923076923077,0.3,177.0,400.0,0.0,8.461538461538462,-152.0,-165.0,-0.3689458689458682,2608.0,-3.877705912504017,-4.895349138638459,-4.395696815470594,-5.588496319198405,-0.9250572250863377,0,0.0770472227290732
556,1315,2338,211533,Jelena Ostapenko,2024-09-09,0.0,7.3,2,3.9444444444444446,0.5,12.0,3008.0,158.0,8.092592592592593,239129,Lina Soussi,2024-09-09,0.0,,0,,,,,0.0,,0.0,,,,,,,,,1,0.5104514348667861
557,1315,2458,211533,Jelena Ostapenko,2024-09-09,0.0,7.3,2,3.9444444444444446,0.5,12.0,3008.0,158.0,8.092592592592593,267256,Melinda Biro,2024-07-15,0.0,,0,,,,,0.0,,0.0,,,,,,,,,1,0.5104514348667861
558,1385,1,211977,Adrijana Lekaj,2023-04-15,0.0,,4,,0.5,,,316.0,,200002,Mirjana Lucic,2018-01-15,138.0,10.8,3,2.972972972972973,0.4,30.0,1618.0,234.0,9.027027027027026,-138.0,,,,,-5.780126041243535,,-6.984098845569471,-1.6306621798003547,0,0.002105234049116909
559,1385,316,211977,Adrijana Lekaj,2023-04-15,0.0,,4,,0.5,,,316.0,,201658,Carmen Klaschka,2010-05-03,72.0,11.0,2,0.0,0.6666666666666666,245.0,205.0,132.0,11.0,-72.0,,,,,-3.7184382563554808,,-4.922411060681417,0.43102560508769955,0,0.016505778099546058
560,1385,335,211977,Adrijana Lekaj,2023-04-15,0.0,,4,,0.5,,,316.0,,201678,Sacha Jones,2018-01-01,0.0,12.714285714285714,0,,0.2,,,0.0,,0.0,,,,,,,,,0,0.4647832042393757
561,1385,378,211977,Adrijana Lekaj,2023-04-15,0.0,,4,,0.5,,,316.0,,202306,Diana Ospina,2012-09-10,0.0,,0,,,595.0,44.0,0.0,,0.0,,,,,-2.1972245773362196,,-3.4011973816621555,1.952239284106961,0,0.08636039417970233
562,1385,463,211977,Adrijana Lekaj,2023-04-15,0.0,,4,,0.5,,,316.0,,202459,Bojana Bobusic,2013-01-14,0.0,10.0,5,2.1666666666666665,0.375,307.0,152.0,549.0,10.666666666666666,0.0,,,,,-3.4210000089583352,,-4.624972813284271,0.7284638524848452,0,0.03709597413526583
563,1385,485,211977,Adrijana Lekaj,2023-04-15,0.0,,4,,0.5,,,316.0,,202481,Chi Chi Scholl,2014-09-08,0.0,9.833333333333334,0,,0.0,454.0,69.0,0.0,,0.0,,,,,-2.639057329615259,,-3.8430301339411947,1.5104065318279216,0,0.06398667362376263
564,1385,627,211977,Adrijana Lekaj,2023-04-15,0.0,,4,,0.5,,,316.0,,202703,Constance Sibille,2015-05-18,60.0,10.0,0,1.0,0.3333333333333333,320.0,116.0,0.0,15.0,-60.0,,,,,-3.152736022363656,,-4.356708826689592,0.9967278390795246,0,0.027374946300645665
565,1385,835,211977,Adrijana Lekaj,2023-04-15,0.0,,4,,0.5,,,316.0,,204271,Biljana Pawlowa Dimitrova,2010-02-05,0.0,,0,,,857.0,14.0,0.0,,0.0,,,,,-1.0986122886681098,,-2.3025850929940455,3.0508515727750707,0,0.1746295304480384
566,1385,847,211977,Adrijana Lekaj,2023-04-15,0.0,,4,,0.5,,,316.0,,204292,Hyojung Yea,2011-09-19,0.0,11.0,0,0.0,0.0,1108.0,7.0,0.0,11.0,0.0,,,,,-0.4700036292457356,,-1.6739764335716716,3.6794602321974446,0,0.25121683185670834
567,1385,893,211977,Adrijana Lekaj,2023-04-15,0.0,,4,,0.5,,,316.0,,204339,Yue Fei,2010-09-13,0.0,,0,,,,,0.0,,0.0,,,,,,,,,0,0.4647832042393757
568,1385,986,211977,Adrijana Lekaj,2023-04-15,0.0,,4,,0.5,,,316.0,,204433,Syna Kayser,2012-05-21,0.0,,0,,,609.0,45.0,0.0,,0.0,,,,,-2.2192034840549946,,-3.4231762883809305,1.9302603773881857,0,0.0850969636425973
569,1385,1017,211977,Adrijana Lekaj,2023-04-15,0.0,,4,,0.5,,,316.0,,205789,Na Ri Kim,2022-04-16,0.0,5.25,0,,0.5714285714285714,1535.0,4.0,0.0,,0.0,,,,,0.0,,-1.2039728043259361,4.14946386144318,0,0.3213828272155837
570,1385,1175,211977,Adrijana Lekaj,2023-04-15,0.0,,4,,0.5,,,316.0,,209919,Carina Litfin,2014-05-19,0.0,,0,,,,,0.0,,0.0,,,,,,,,,0,0.4647832042393757
571,1385,1179,211977,Adrijana Lekaj,2023-04-15,0.0,,4,,0.5,,,316.0,,210064,Denise Muresan,2014-09-08,0.0,,0,,,421.0,79.0,0.0,,0.0,,,,,-2.772588722239781,,-3.9765615265657175,1.3768751392033989,0,0.05836567040983903
572,1385,1230,211977,Adrijana Lekaj,2023-04-15,0.0,,4,,0.5,,,316.0,,210884,Melisa Martinov,2012-04-20,0.0,,0,,,,,0.0,,0.0,,,,,,,,,0,0.4647832042393757
573,1385,1278,211977,Adrijana Lekaj,2023-04-15,0.0,,4,,0.5,,,316.0,,211260,Marie Benoit,2024-11-15,0.0,10.0,0,1.6666666666666667,0.2,208.0,346.0,0.0,7.333333333333333,0.0,,,,,-4.239886867512759,,-5.443859671838695,-0.09042300606957854,0,0.020693374490950146
574,1385,1311,211977,Adrijana Lekaj,2023-04-15,0.0,,4,,0.5,,,316.0,,211472,Oleksandra Korashvili,2015-07-27,48.0,5.8,0,,0.4,582.0,38.0,0.0,,-48.0,,,,,-2.0541237336955462,,-3.258096538021482,2.095340127747634,0,0.06522310771234918
575,1385,1315,211977,Adrijana Lekaj,2023-04-15,0.0,,4,,0.5,,,316.0,,211533,Jelena Ostapenko,2024-09-09,0.0,7.3,2,3.9444444444444446,0.5,12.0,3008.0,158.0,8.092592592592593,0.0,,,,,-6.3999251641959445,,-7.603897968521881,-2.2504613027527647,0,0.004315397793438492
576,1385,1394,211977,Adrijana Lekaj,2023-04-15,0.0,,4,,0.5,,,316.0,,212044,Katharina Gerlach,2022-08-29,0.0,11.5,0,1.2,0.3,251.0,261.0,0.0,9.6,0.0,,,,,-3.9589065913269965,,-5.162879395652933,0.19055727011618373,0,0.02530912472466686
577,1385,1457,211977,Adrijana Lekaj,2023-04-15,0.0,,4,,0.5,,,316.0,,212302,Lesedi Sheya Jacobs,2015-04-17,0.0,,0,,0.0,,,0.0,,0.0,,,,,,,,,0,0.4647832042393757
578,1385,1691,211977,Adrijana Lekaj,2023-04-15,0.0,,4,,0.5,,,316.0,,214646,Xiaodi You,2024-10-28,112.0,7.7,5,2.4375,0.4,306.0,207.0,517.0,9.0,-112.0,,,,,-3.7281001672672174,,-4.932072971593153,0.4213636941759626,0,0.01171689686455643
579,1385,1696,211977,Adrijana Lekaj,2023-04-15,0.0,,4,,0.5,,,316.0,,214679,Sunam Jeong,2019-02-09,0.0,9.0,0,1.0,0.3333333333333333,582.0,27.0,0.0,9.333333333333334,0.0,,,,,-1.7227665977411035,,-2.9267394020670396,2.4266972637020765,0,0.11805997984930401
580,1385,1726,211977,Adrijana Lekaj,2023-04-15,0.0,,4,,0.5,,,316.0,,214882,Oliwia Szymczuch,2015-04-06,28.0,,0,,1.0,,,0.0,,-28.0,,,,,,,,,0,0.40626784344833733
581,1385,1762,211977,Adrijana Lekaj,2023-04-15,0.0,,4,,0.5,,,316.0,,215064,Maria Mateas,2024-08-26,0.0,7.777777777777778,0,2.0,0.3333333333333333,190.0,369.0,0.0,6.333333333333333,0.0,,,,,-4.304065093204169,,-5.508037897530106,-0.1546012317609895,0,0.01976071853638439
582,1385,1764,211977,Adrijana Lekaj,2023-04-15,0.0,,4,,0.5,,,316.0,,215096,Jaimee Fourlis,2024-05-27,0.0,8.2,0,1.9166666666666667,0.4,294.0,234.0,0.0,8.916666666666666,0.0,,,,,-3.8501476017100584,,-5.054120406035994,0.2993162597331217,0,0.027353142959339685
583,1385,2047,211977,Adrijana Lekaj,2023-04-15,0.0,,4,,0.5,,,316.0,,220757,Lia Karatancheva,2023-04-14,0.0,,3,,1.0,518.0,79.0,338.0,,0.0,,,,,-2.772588722239781,,-3.9765615265657175,1.3768751392033989,0,0.05836567040983903
584,1385,2218,211977,Adrijana Lekaj,2023-04-15,0.0,,4,,0.5,,,316.0,,222034,Reese Brantmeier,2022-03-07,0.0,6.333333333333333,0,4.0,0.5,525.0,84.0,0.0,6.0,0.0,,,,,-2.833213344056216,,-4.037186148382152,1.316250517386964,0,0.05596946229595952
585,1385,2275,211977,Adrijana Lekaj,2023-04-15,0.0,,4,,0.5,,,316.0,,223135,Shaira Hope Rivera,2020-02-08,0.0,1.0,1,4.0,1.0,,,37.0,1.0,0.0,,,,,,,,,0,0.4647832042393757
586,1385,2318,211977,Adrijana Lekaj,2023-04-15,0.0,,4,,0.5,,,316.0,,232447,Celine Naef,2024-08-26,152.0,9.5,0,3.076923076923077,0.3,177.0,400.0,0.0,8.461538461538462,-152.0,,,,,-4.384523514872469,,-5.588496319198405,-0.23505965342928864,0,0.0051848330140825145
587,1385,2338,211977,Adrijana Lekaj,2023-04-15,0.0,,4,,0.5,,,316.0,,239129,Lina Soussi,2024-09-09,0.0,,0,,,,,0.0,,0.0,,,,,,,,,0,0.4647832042393757
588,1385,2458,211977,Adrijana Lekaj,2023-04-15,0.0,,4,,0.5,,,316.0,,267256,Melinda Biro,2024-07-15,0.0,,0,,,,,0.0,,0.0,,,,,,,,,0,0.4647832042393757
589,1394,1,212044,Katharina Gerlach,2022-08-29,0.0,11.5,0,1.2,0.3,251.0,261.0,0.0,9.6,200002,Mirjana Lucic,2018-01-15,138.0,10.8,3,2.972972972972973,0.4,30.0,1618.0,234.0,9.027027027027026,-138.0,221.0,0.5729729729729733,-1357.0,-4.86383530936938,-7.389563953677635,-6.601106593313365,-7.127199689210144,-7.389563953677635,0,0.003912175693324411
590,1394,316,212044,Katharina Gerlach,2022-08-29,0.0,11.5,0,1.2,0.3,251.0,261.0,0.0,9.6,201658,Carmen Klaschka,2010-05-03,72.0,11.0,2,0.0,0.6666666666666666,245.0,205.0,132.0,11.0,-72.0,6.0,-1.4000000000000004,56.0,-2.8021475244813256,-5.327876168789581,-4.539418808425311,-5.06551190432209,-5.327876168789581,0,0.029394089712136928
591,1394,335,212044,Katharina Gerlach,2022-08-29,0.0,11.5,0,1.2,0.3,251.0,261.0,0.0,9.6,201678,Sacha Jones,2018-01-01,0.0,12.714285714285714,0,,0.2,,,0.0,,0.0,,,,,,,,,1,0.5040061960572902
592,1394,378,212044,Katharina Gerlach,2022-08-29,0.0,11.5,0,1.2,0.3,251.0,261.0,0.0,9.6,202306,Diana Ospina,2012-09-10,0.0,,0,,,595.0,44.0,0.0,,0.0,-344.0,,217.0,-1.2809338454620642,-3.8066624897703196,-3.0182051294060495,-3.544298225302829,-3.8066624897703196,0,0.162865827424136
593,1394,463,212044,Katharina Gerlach,2022-08-29,0.0,11.5,0,1.2,0.3,251.0,261.0,0.0,9.6,202459,Bojana Bobusic,2013-01-14,0.0,10.0,5,2.1666666666666665,0.375,307.0,152.0,549.0,10.666666666666666,0.0,-56.0,-1.0666666666666664,109.0,-2.50470927708418,-5.030437921392435,-4.241980561028165,-4.768073656924944,-5.030437921392435,0,0.06617596456615532
594,1394,485,212044,Katharina Gerlach,2022-08-29,0.0,11.5,0,1.2,0.3,251.0,261.0,0.0,9.6,202481,Chi Chi Scholl,2014-09-08,0.0,9.833333333333334,0,,0.0,454.0,69.0,0.0,,0.0,-203.0,,192.0,-1.7227665977411035,-4.248495242049359,-3.4600378816850887,-3.986130977581868,-4.248495242049359,0,0.11188445999696371
595,1394,627,212044,Katharina Gerlach,2022-08-29,0.0,11.5,0,1.2,0.3,251.0,261.0,0.0,9.6,202703,Constance Sibille,2015-05-18,60.0,10.0,0,1.0,0.3333333333333333,320.0,116.0,0.0,15.0,-60.0,-69.0,-5.4,145.0,-2.2364452904895007,-4.762173934797756,-3.9737165744334857,-4.499809670330265,-4.762173934797756,0,0.0444193751553677
596,1394,835,212044,Katharina Gerlach,2022-08-29,0.0,11.5,0,1.2,0.3,251.0,261.0,0.0,9.6,204271,Biljana Pawlowa Dimitrova,2010-02-05,0.0,,0,,,857.0,14.0,0.0,,0.0,-606.0,,247.0,-0.1823215567939546,-2.70805020110221,-1.91959284073794,-2.445685936634719,-2.70805020110221,0,0.32083971095734404
597,1394,847,212044,Katharina Gerlach,2022-08-29,0.0,11.5,0,1.2,0.3,251.0,261.0,0.0,9.6,204292,Hyojung Yea,2011-09-19,0.0,11.0,0,0.0,0.0,1108.0,7.0,0.0,11.0,0.0,-857.0,-1.4000000000000004,254.0,0.44628710262841953,-2.0794415416798357,-1.2909841813155656,-1.817077277212345,-2.0794415416798357,0,0.48865911209911933
598,1394,893,212044,Katharina Gerlach,2022-08-29,0.0,11.5,0,1.2,0.3,251.0,261.0,0.0,9.6,204339,Yue Fei,2010-09-13,0.0,,0,,,,,0.0,,0.0,,,,,,,,,1,0.5040061960572902
599,1394,986,212044,Katharina Gerlach,2022-08-29,0.0,11.5,0,1.2,0.3,251.0,261.0,0.0,9.6,204433,Syna Kayser,2012-05-21,0.0,,0,,,609.0,45.0,0.0,,0.0,-358.0,,216.0,-1.3029127521808397,-3.828641396489095,-3.040184036124825,-3.566277132021604,-3.828641396489095,0,0.16589630214924736
600,1394,1017,212044,Katharina Gerlach,2022-08-29,0.0,11.5,0,1.2,0.3,251.0,261.0,0.0,9.6,205789,Na Ri Kim,2022-04-16,0.0,5.25,0,,0.5714285714285714,1535.0,4.0,0.0,,0.0,-1284.0,,257.0,0.9162907318741551,-1.6094379124341003,-0.8209805520698301,-1.3470736479666092,-1.6094379124341003,1,0.729986275675962
601,1394,1175,212044,Katharina Gerlach,2022-08-29,0.0,11.5,0,1.2,0.3,251.0,261.0,0.0,9.6,209919,Carina Litfin,2014-05-19,0.0,,0,,,,,0.0,,0.0,,,,,,,,,1,0.5040061960572902
602,1394,1179,212044,Katharina Gerlach,2022-08-29,0.0,11.5,0,1.2,0.3,251.0,261.0,0.0,9.6,210064,Denise Muresan,2014-09-08,0.0,,0,,,421.0,79.0,0.0,,0.0,-170.0,,182.0,-1.8562979903656263,-4.382026634673881,-3.5935692743096115,-4.119662370206391,-4.382026634673881,0,0.10121904806406738
603,1394,1230,212044,Katharina Gerlach,2022-08-29,0.0,11.5,0,1.2,0.3,251.0,261.0,0.0,9.6,210884,Melisa Martinov,2012-04-20,0.0,,0,,,,,0.0,,0.0,,,,,,,,,1,0.5040061960572902
604,1394,1278,212044,Katharina Gerlach,2022-08-29,0.0,11.5,0,1.2,0.3,251.0,261.0,0.0,9.6,211260,Marie Benoit,2024-11-15,0.0,10.0,0,1.6666666666666667,0.2,208.0,346.0,0.0,7.333333333333333,0.0,43.0,2.2666666666666666,-85.0,-3.3235961356386037,-5.849324779946859,-5.060867419582589,-5.586960515479368,-5.849324779946859,0,0.04164023302928675
605,1394,1311,212044,Katharina Gerlach,2022-08-29,0.0,11.5,0,1.2,0.3,251.0,261.0,0.0,9.6,211472,Oleksandra Korashvili,2015-07-27,48.0,5.8,0,,0.4,582.0,38.0,0.0,,-48.0,-331.0,,223.0,-1.137833001821391,-3.6635616461296463,-2.875104285765376,-3.4011973816621555,-3.6635616461296463,0,0.11637483156894342
606,1394,1315,212044,Katharina Gerlach,2022-08-29,0.0,11.5,0,1.2,0.3,251.0,261.0,0.0,9.6,211533,Jelena Ostapenko,2024-09-09,0.0,7.3,2,3.9444444444444446,0.5,12.0,3008.0,158.0,8.092592592592593,0.0,239.0,1.5074074074074062,-2747.0,-5.483634432321789,-8.009363076630045,-7.220905716265775,-7.746998812162555,-8.009363076630045,0,0.006701814550169169
607,1394,1385,212044,Katharina Gerlach,2022-08-29,0.0,11.5,0,1.2,0.3,251.0,261.0,0.0,9.6,211977,Adrijana Lekaj,2023-04-15,0.0,,4,,0.5,,,316.0,,0.0,,,,,,,,,1,0.5040061960572902
608,1394,1457,212044,Katharina Gerlach,2022-08-29,0.0,11.5,0,1.2,0.3,251.0,261.0,0.0,9.6,212302,Lesedi Sheya Jacobs,2015-04-17,0.0,,0,,0.0,,,0.0,,0.0,,,,,,,,,1,0.5040061960572902
609,1394,1691,212044,Katharina Gerlach,2022-08-29,0.0,11.5,0,1.2,0.3,251.0,261.0,0.0,9.6,214646,Xiaodi You,2024-10-28,112.0,7.7,5,2.4375,0.4,306.0,207.0,517.0,9.0,-112.0,-55.0,0.5999999999999996,54.0,-2.8118094353930627,-5.337538079701318,-4.549080719337048,-5.075173815233827,-5.337538079701318,0,0.024115096720154473
610,1394,1696,212044,Katharina Gerlach,2022-08-29,0.0,11.5,0,1.2,0.3,251.0,261.0,0.0,9.6,214679,Sunam Jeong,2019-02-09,0.0,9.0,0,1.0,0.3333333333333333,582.0,27.0,0.0,9.333333333333334,0.0,-331.0,0.2666666666666657,234.0,-0.8064758658669484,-3.332204510175204,-2.5437471498109336,-3.069840245707713,-3.332204510175204,0,0.1805478890285656
611,1394,1726,212044,Katharina Gerlach,2022-08-29,0.0,11.5,0,1.2,0.3,251.0,261.0,0.0,9.6,214882,Oliwia Szymczuch,2015-04-06,28.0,,0,,1.0,,,0.0,,-28.0,,,,,,,,,0,0.4446552820443904
612,1394,1762,212044,Katharina Gerlach,2022-08-29,0.0,11.5,0,1.2,0.3,251.0,261.0,0.0,9.6,215064,Maria Mateas,2024-08-26,0.0,7.777777777777778,0,2.0,0.3333333333333333,190.0,369.0,0.0,6.333333333333333,0.0,61.0,3.2666666666666666,-108.0,-3.3877743613300146,-5.91350300563827,-5.125045645274,-5.651138741170779,-5.91350300563827,0,0.03943415619147193
613,1394,1764,212044,Katharina Gerlach,2022-08-29,0.0,11.5,0,1.2,0.3,251.0,261.0,0.0,9.6,215096,Jaimee Fourlis,2024-05-27,0.0,8.2,0,1.9166666666666667,0.4,294.0,234.0,0.0,8.916666666666666,0.0,-43.0,0.6833333333333336,27.0,-2.9338568698359033,-5.459585514144159,-4.671128153779889,-5.197221249676668,-5.459585514144159,0,0.05642480600565945
614,1394,2047,212044,Katharina Gerlach,2022-08-29,0.0,11.5,0,1.2,0.3,251.0,261.0,0.0,9.6,220757,Lia Karatancheva,2023-04-14,0.0,,3,,1.0,518.0,79.0,338.0,,0.0,-267.0,,182.0,-1.8562979903656263,-4.382026634673881,-3.5935692743096115,-4.119662370206391,-4.382026634673881,0,0.12105703741590033
615,1394,2218,212044,Katharina Gerlach,2022-08-29,0.0,11.5,0,1.2,0.3,251.0,261.0,0.0,9.6,222034,Reese Brantmeier,2022-03-07,0.0,6.333333333333333,0,4.0,0.5,525.0,84.0,0.0,6.0,0.0,-274.0,3.5999999999999996,177.0,-1.916922612182061,-4.442651256490317,-3.654193896126046,-4.180286992022825,-4.442651256490317,0,0.12318129827561966
616,1394,2275,212044,Katharina Gerlach,2022-08-29,0.0,11.5,0,1.2,0.3,251.0,261.0,0.0,9.6,223135,Shaira Hope Rivera,2020-02-08,0.0,1.0,1,4.0,1.0,,,37.0,1.0,0.0,,8.6,,,,,,,1,0.5190690230819398
617,1394,2318,212044,Katharina Gerlach,2022-08-29,0.0,11.5,0,1.2,0.3,251.0,261.0,0.0,9.6,232447,Celine Naef,2024-08-26,152.0,9.5,0,3.076923076923077,0.3,177.0,400.0,0.0,8.461538461538462,-152.0,74.0,1.138461538461538,-139.0,-3.4682327829983137,-5.993961427306569,-5.205504066942299,-5.731597162839078,-5.993961427306569,0,0.010330954868725104
618,1394,2338,212044,Katharina Gerlach,2022-08-29,0.0,11.5,0,1.2,0.3,251.0,261.0,0.0,9.6,239129,Lina Soussi,2024-09-09,0.0,,0,,,,,0.0,,0.0,,,,,,,,,1,0.5040061960572902
619,1394,2458,212044,Katharina Gerlach,2022-08-29,0.0,11.5,0,1.2,0.3,251.0,261.0,0.0,9.6,267256,Melinda Biro,2024-07-15,0.0,,0,,,,,0.0,,0.0,,,,,,,,,1,0.5040061960572902
620,1457,1,212302,Lesedi Sheya Jacobs,2015-04-17,0.0,,0,,0.0,,,0.0,,200002,Mirjana Lucic,2018-01-15,138.0,10.8,3,2.972972972972973,0.4,30.0,1618.0,234.0,9.027027027027026,-138.0,,,,,-7.389563953677635,,-7.389563953677635,-7.389563953677635,0,0.0011868230301158543
621,1457,316,212302,Lesedi Sheya Jacobs,2015-04-17,0.0,,0,,0.0,,,0.0,,201658,Carmen Klaschka,2010-05-03,72.0,11.0,2,0.0,0.6666666666666666,245.0,205.0,132.0,11.0,-72.0,,,,,-5.327876168789581,,-5.327876168789581,-5.327876168789581,0,0.00936406305258665
622,1457,335,212302,Lesedi Sheya Jacobs,2015-04-17,0.0,,0,,0.0,,,0.0,,201678,Sacha Jones,2018-01-01,0.0,12.714285714285714,0,,0.2,,,0.0,,0.0,,,,,,,,,0,0.4647832042393757
623,1457,378,212302,Lesedi Sheya Jacobs,2015-04-17,0.0,,0,,0.0,,,0.0,,202306,Diana Ospina,2012-09-10,0.0,,0,,,595.0,44.0,0.0,,0.0,,,,,-3.8066624897703196,,-3.8066624897703196,-3.8066624897703196,0,0.05054742494284587
624,1457,463,212302,Lesedi Sheya Jacobs,2015-04-17,0.0,,0,,0.0,,,0.0,,202459,Bojana Bobusic,2013-01-14,0.0,10.0,5,2.1666666666666665,0.375,307.0,152.0,549.0,10.666666666666666,0.0,,,,,-5.030437921392435,,-5.030437921392435,-5.030437921392435,0,0.021237680369705834
625,1457,485,212302,Lesedi Sheya Jacobs,2015-04-17,0.0,,0,,0.0,,,0.0,,202481,Chi Chi Scholl,2014-09-08,0.0,9.833333333333334,0,,0.0,454.0,69.0,0.0,,0.0,,,,,-4.248495242049359,,-4.248495242049359,-4.248495242049359,0,0.03707539996094111
626,1457,627,212302,Lesedi Sheya Jacobs,2015-04-17,0.0,,0,,0.0,,,0.0,,202703,Constance Sibille,2015-05-18,60.0,10.0,0,1.0,0.3333333333333333,320.0,116.0,0.0,15.0,-60.0,,,,,-4.762173934797756,,-4.762173934797756,-4.762173934797756,0,0.015604982701276405
627,1457,835,212302,Lesedi Sheya Jacobs,2015-04-17,0.0,,0,,0.0,,,0.0,,204271,Biljana Pawlowa Dimitrova,2010-02-05,0.0,,0,,,857.0,14.0,0.0,,0.0,,,,,-2.70805020110221,,-2.70805020110221,-2.70805020110221,0,0.10647804072695184
628,1457,847,212302,Lesedi Sheya Jacobs,2015-04-17,0.0,,0,,0.0,,,0.0,,204292,Hyojung Yea,2011-09-19,0.0,11.0,0,0.0,0.0,1108.0,7.0,0.0,11.0,0.0,,,,,-2.0794415416798357,,-2.0794415416798357,-2.0794415416798357,0,0.15893153317537873
629,1457,893,212302,Lesedi Sheya Jacobs,2015-04-17,0.0,,0,,0.0,,,0.0,,204339,Yue Fei,2010-09-13,0.0,,0,,,,,0.0,,0.0,,,,,,,,,0,0.4647832042393757
630,1457,986,212302,Lesedi Sheya Jacobs,2015-04-17,0.0,,0,,0.0,,,0.0,,204433,Syna Kayser,2012-05-21,0.0,,0,,,609.0,45.0,0.0,,0.0,,,,,-3.828641396489095,,-3.828641396489095,-3.828641396489095,0,0.04977938258879591
631,1457,1017,212302,Lesedi Sheya Jacobs,2015-04-17,0.0,,0,,0.0,,,0.0,,205789,Na Ri Kim,2022-04-16,0.0,5.25,0,,0.5714285714285714,1535.0,4.0,0.0,,0.0,,,,,-1.6094379124341003,,-1.6094379124341003,-1.6094379124341003,0,0.2105703873302631
632,1457,1175,212302,Lesedi Sheya Jacobs,2015-04-17,0.0,,0,,0.0,,,0.0,,209919,Carina Litfin,2014-05-19,0.0,,0,,,,,0.0,,0.0,,,,,,,,,0,0.4647832042393757
633,1457,1179,212302,Lesedi Sheya Jacobs,2015-04-17,0.0,,0,,0.0,,,0.0,,210064,Denise Muresan,2014-09-08,0.0,,0,,,421.0,79.0,0.0,,0.0,,,,,-4.382026634673881,,-4.382026634673881,-4.382026634673881,0,0.03373325800016852
634,1457,1230,212302,Lesedi Sheya Jacobs,2015-04-17,0.0,,0,,0.0,,,0.0,,210884,Melisa Martinov,2012-04-20,0.0,,0,,,,,0.0,,0.0,,,,,,,,,0,0.4647832042393757
635,1457,1278,212302,Lesedi Sheya Jacobs,2015-04-17,0.0,,0,,0.0,,,0.0,,211260,Marie Benoit,2024-11-15,0.0,10.0,0,1.6666666666666667,0.2,208.0,346.0,0.0,7.333333333333333,0.0,,,,,-5.849324779946859,,-5.849324779946859,-5.849324779946859,0,0.011761439569844104
636,1457,1311,212302,Lesedi Sheya Jacobs,2015-04-17,0.0,,0,,0.0,,,0.0,,211472,Oleksandra Korashvili,2015-07-27,48.0,5.8,0,,0.4,582.0,38.0,0.0,,-48.0,,,,,-3.6635616461296463,,-3.6635616461296463,-3.6635616461296463,0,0.03781282669171108
637,1457,1315,212302,Lesedi Sheya Jacobs,2015-04-17,0.0,,0,,0.0,,,0.0,,211533,Jelena Ostapenko,2024-09-09,0.0,7.3,2,3.9444444444444446,0.5,12.0,3008.0,158.0,8.092592592592593,0.0,,,,,-8.009363076630045,,-8.009363076630045,-8.009363076630045,0,0.0024351529386180387
638,1457,1385,212302,Lesedi Sheya Jacobs,2015-04-17,0.0,,0,,0.0,,,0.0,,211977,Adrijana Lekaj,2023-04-15,0.0,,4,,0.5,,,316.0,,0.0,,,,,,,,,0,0.4647832042393757
639,1457,1394,212302,Lesedi Sheya Jacobs,2015-04-17,0.0,,0,,0.0,,,0.0,,212044,Katharina Gerlach,2022-08-29,0.0,11.5,0,1.2,0.3,251.0,261.0,0.0,9.6,0.0,,,,,-5.568344503761097,,-5.568344503761097,-5.568344503761097,0,0.014414205915821031
640,1457,1691,212302,Lesedi Sheya Jacobs,2015-04-17,0.0,,0,,0.0,,,0.0,,214646,Xiaodi You,2024-10-28,112.0,7.7,5,2.4375,0.4,306.0,207.0,517.0,9.0,-112.0,,,,,-5.337538079701318,,-5.337538079701318,-5.337538079701318,0,0.006633258369123849
641,1457,1696,212302,Lesedi Sheya Jacobs,2015-04-17,0.0,,0,,0.0,,,0.0,,214679,Sunam Jeong,2019-02-09,0.0,9.0,0,1.0,0.3333333333333333,582.0,27.0,0.0,9.333333333333334,0.0,,,,,-3.332204510175204,,-3.332204510175204,-3.332204510175204,0,0.0701101990485262
642,1457,1726,212302,Lesedi Sheya Jacobs,2015-04-17,0.0,,0,,0.0,,,0.0,,214882,Oliwia Szymczuch,2015-04-06,28.0,,0,,1.0,,,0.0,,-28.0,,,,,,,,,0,0.40626784344833733
643,1457,1762,212302,Lesedi Sheya Jacobs,2015-04-17,0.0,,0,,0.0,,,0.0,,215064,Maria Mateas,2024-08-26,0.0,7.777777777777778,0,2.0,0.3333333333333333,190.0,369.0,0.0,6.333333333333333,0.0,,,,,-5.91350300563827,,-5.91350300563827,-5.91350300563827,0,0.011226733338467087
644,1457,1764,212302,Lesedi Sheya Jacobs,2015-04-17,0.0,,0,,0.0,,,0.0,,215096,Jaimee Fourlis,2024-05-27,0.0,8.2,0,1.9166666666666667,0.4,294.0,234.0,0.0,8.916666666666666,0.0,,,,,-5.459585514144159,,-5.459585514144159,-5.459585514144159,0,0.015592403506624405
645,1457,2047,212302,Lesedi Sheya Jacobs,2015-04-17,0.0,,0,,0.0,,,0.0,,220757,Lia Karatancheva,2023-04-14,0.0,,3,,1.0,518.0,79.0,338.0,,0.0,,,,,-4.382026634673881,,-4.382026634673881,-4.382026634673881,0,0.03373325800016852
646,1457,2218,212302,Lesedi Sheya Jacobs,2015-04-17,0.0,,0,,0.0,,,0.0,,222034,Reese Brantmeier,2022-03-07,0.0,6.333333333333333,0,4.0,0.5,525.0,84.0,0.0,6.0,0.0,,,,,-4.442651256490317,,-4.442651256490317,-4.442651256490317,0,0.03231363206833015
647,1457,2275,212302,Lesedi Sheya Jacobs,2015-04-17,0.0,,0,,0.0,,,0.0,,223135,Shaira Hope Rivera,2020-02-08,0.0,1.0,1,4.0,1.0,,,37.0,1.0,0.0,,,,,,,,,0,0.4647832042393757
648,1457,2318,212302,Lesedi Sheya Jacobs,2015-04-17,0.0,,0,,0.0,,,0.0,,232447,Celine Naef,2024-08-26,152.0,9.5,0,3.076923076923077,0.3,177.0,400.0,0.0,8.461538461538462,-152.0,,,,,-5.993961427306569,,-5.993961427306569,-5.993961427306569,0,0.0029268835501752508
649,1457,2338,212302,Lesedi Sheya Jacobs,2015-04-17,0.0,,0,,0.0,,,0.0,,239129,Lina Soussi,2024-09-09,0.0,,0,,,,,0.0,,0.0,,,,,,,,,0,0.4647832042393757
650,1457,2458,212302,Lesedi Sheya Jacobs,2015-04-17,0.0,,0,,0.0,,,0.0,,267256,Melinda Biro,2024-07-15,0.0,,0,,,,,0.0,,0.0,,,,,,,,,0,0.4647832042393757
651,1691,1,214646,Xiaodi You,2024-10-28,112.0,7.7,5,2.4375,0.4,306.0,207.0,517.0,9.0,200002,Mirjana Lucic,2018-01-15,138.0,10.8,3,2.972972972972973,0.4,30.0,1618.0,234.0,9.027027027027026,-26.0,276.0,-0.027027027027026307,-1411.0,-5.226240928017098,-5.59780448444958,-6.154819490684945,-7.0530917170564225,-1.139588711418152,0,0.01874215955290841
652,1691,316,214646,Xiaodi You,2024-10-28,112.0,7.7,5,2.4375,0.4,306.0,207.0,517.0,9.0,201658,Carmen Klaschka,2010-05-03,72.0,11.0,2,0.0,0.6666666666666666,245.0,205.0,132.0,11.0,40.0,61.0,-2.0,2.0,-3.164553143129043,-3.536116699561526,-4.093131705796892,-4.991403932168368,0.922099073469902,0,0.12837038234736725
653,1691,335,214646,Xiaodi You,2024-10-28,112.0,7.7,5,2.4375,0.4,306.0,207.0,517.0,9.0,201678,Sacha Jones,2018-01-01,0.0,12.714285714285714,0,,0.2,,,0.0,,112.0,,,,,,,,,1,0.7305084373552516
654,1691,378,214646,Xiaodi You,2024-10-28,112.0,7.7,5,2.4375,0.4,306.0,207.0,517.0,9.0,202306,Diana Ospina,2012-09-10,0.0,,0,,,595.0,44.0,0.0,,112.0,-289.0,,163.0,-1.6433394641097818,-2.0149030205422647,-2.57191802677763,-3.4701902531491067,2.443312752489163,0,0.4872104185964563
655,1691,463,214646,Xiaodi You,2024-10-28,112.0,7.7,5,2.4375,0.4,306.0,207.0,517.0,9.0,202459,Bojana Bobusic,2013-01-14,0.0,10.0,5,2.1666666666666665,0.375,307.0,152.0,549.0,10.666666666666666,112.0,-1.0,-1.666666666666666,55.0,-2.8671148957318975,-3.2386784521643803,-3.7956934583997457,-4.693965684771222,1.2195373208670477,0,0.2563000787932074
656,1691,485,214646,Xiaodi You,2024-10-28,112.0,7.7,5,2.4375,0.4,306.0,207.0,517.0,9.0,202481,Chi Chi Scholl,2014-09-08,0.0,9.833333333333334,0,,0.0,454.0,69.0,0.0,,112.0,-148.0,,138.0,-2.085172216388821,-2.456735772821304,-3.0137507790566693,-3.912023005428146,2.0014800002101243,0,0.3808959855461868
657,1691,627,214646,Xiaodi You,2024-10-28,112.0,7.7,5,2.4375,0.4,306.0,207.0,517.0,9.0,202703,Constance Sibille,2015-05-18,60.0,10.0,0,1.0,0.3333333333333333,320.0,116.0,0.0,15.0,52.0,-14.0,-6.0,91.0,-2.598850909137218,-2.9704144655697013,-3.5274294718050663,-4.425701698176543,1.487801307461727,0,0.18437824701599898
658,1691,835,214646,Xiaodi You,2024-10-28,112.0,7.7,5,2.4375,0.4,306.0,207.0,517.0,9.0,204271,Biljana Pawlowa Dimitrova,2010-02-05,0.0,,0,,,857.0,14.0,0.0,,112.0,-551.0,,193.0,-0.5447271754416722,-0.916290731874155,-1.4733057381095205,-2.371577964480997,3.541925041157273,1,0.6976163309767672
659,1691,847,214646,Xiaodi You,2024-10-28,112.0,7.7,5,2.4375,0.4,306.0,207.0,517.0,9.0,204292,Hyojung Yea,2011-09-19,0.0,11.0,0,0.0,0.0,1108.0,7.0,0.0,11.0,112.0,-802.0,-2.0,200.0,0.08388148398070203,-0.2876820724517809,-0.8446970786871463,-1.742969305058623,4.1705337005796475,1,0.8229277669702905
660,1691,893,214646,Xiaodi You,2024-10-28,112.0,7.7,5,2.4375,0.4,306.0,207.0,517.0,9.0,204339,Yue Fei,2010-09-13,0.0,,0,,,,,0.0,,112.0,,,,,,,,,1,0.7305084373552516
661,1691,986,214646,Xiaodi You,2024-10-28,112.0,7.7,5,2.4375,0.4,306.0,207.0,517.0,9.0,204433,Syna Kayser,2012-05-21,0.0,,0,,,609.0,45.0,0.0,,112.0,-303.0,,162.0,-1.665318370828557,-2.03688192726104,-2.5938969334964055,-3.492169159867882,2.421333845770388,0,0.49272384604302266
662,1691,1017,214646,Xiaodi You,2024-10-28,112.0,7.7,5,2.4375,0.4,306.0,207.0,517.0,9.0,205789,Na Ri Kim,2022-04-16,0.0,5.25,0,,0.5714285714285714,1535.0,4.0,0.0,,112.0,-1229.0,,203.0,0.5538851132264375,0.1823215567939546,-0.3746934494414107,-1.2729656758128876,4.640537329825382,1,0.9295921448119641
663,1691,1175,214646,Xiaodi You,2024-10-28,112.0,7.7,5,2.4375,0.4,306.0,207.0,517.0,9.0,209919,Carina Litfin,2014-05-19,0.0,,0,,,,,0.0,,112.0,,,,,,,,,1,0.7305084373552516
664,1691,1179,214646,Xiaodi You,2024-10-28,112.0,7.7,5,2.4375,0.4,306.0,207.0,517.0,9.0,210064,Denise Muresan,2014-09-08,0.0,,0,,,421.0,79.0,0.0,,112.0,-115.0,,128.0,-2.218703609013344,-2.5902671654458267,-3.147282171681192,-4.045554398052669,1.8679486075856013,0,0.3548324758151884
665,1691,1230,214646,Xiaodi You,2024-10-28,112.0,7.7,5,2.4375,0.4,306.0,207.0,517.0,9.0,210884,Melisa Martinov,2012-04-20,0.0,,0,,,,,0.0,,112.0,,,,,,,,,1,0.7305084373552516
666,1691,1278,214646,Xiaodi You,2024-10-28,112.0,7.7,5,2.4375,0.4,306.0,207.0,517.0,9.0,211260,Marie Benoit,2024-11-15,0.0,10.0,0,1.6666666666666667,0.2,208.0,346.0,0.0,7.333333333333333,112.0,98.0,1.666666666666667,-139.0,-3.686001754286321,-4.057565310718804,-4.61458031695417,-5.512852543325646,0.40065046231262386,0,0.1744409663853284
667,1691,1311,214646,Xiaodi You,2024-10-28,112.0,7.7,5,2.4375,0.4,306.0,207.0,517.0,9.0,211472,Oleksandra Korashvili,2015-07-27,48.0,5.8,0,,0.4,582.0,38.0,0.0,,64.0,-276.0,,169.0,-1.5002386204691085,-1.8718021769015913,-2.4288171831369567,-3.3270894095084333,2.586413596129837,0,0.3914244569743279
668,1691,1315,214646,Xiaodi You,2024-10-28,112.0,7.7,5,2.4375,0.4,306.0,207.0,517.0,9.0,211533,Jelena Ostapenko,2024-09-09,0.0,7.3,2,3.9444444444444446,0.5,12.0,3008.0,158.0,8.092592592592593,112.0,294.0,0.9074074074074066,-2801.0,-5.846040050969507,-6.2176036074019905,-6.774618613637355,-7.672890840008832,-1.7593878343705622,0,0.031769281512007995
669,1691,1385,214646,Xiaodi You,2024-10-28,112.0,7.7,5,2.4375,0.4,306.0,207.0,517.0,9.0,211977,Adrijana Lekaj,2023-04-15,0.0,,4,,0.5,,,316.0,,112.0,,,,,,,,,1,0.7305084373552516
670,1691,1394,214646,Xiaodi You,2024-10-28,112.0,7.7,5,2.4375,0.4,306.0,207.0,517.0,9.0,212044,Katharina Gerlach,2022-08-29,0.0,11.5,0,1.2,0.3,251.0,261.0,0.0,9.6,112.0,55.0,-0.5999999999999996,-54.0,-3.4050214781005588,-3.776585034533042,-4.333600040768407,-5.231872267139884,0.6816307384983863,0,0.20257709655145098
671,1691,1457,214646,Xiaodi You,2024-10-28,112.0,7.7,5,2.4375,0.4,306.0,207.0,517.0,9.0,212302,Lesedi Sheya Jacobs,2015-04-17,0.0,,0,,0.0,,,0.0,,112.0,,,,,,,,,1,0.7305084373552516
672,1691,1696,214646,Xiaodi You,2024-10-28,112.0,7.7,5,2.4375,0.4,306.0,207.0,517.0,9.0,214679,Sunam Jeong,2019-02-09,0.0,9.0,0,1.0,0.3333333333333333,582.0,27.0,0.0,9.333333333333334,112.0,-276.0,-0.3333333333333339,180.0,-1.168881484514666,-1.540445040947149,-2.097460047182514,-2.9957322735539913,2.917770732084279,1,0.5172536749891224
673,1691,1726,214646,Xiaodi You,2024-10-28,112.0,7.7,5,2.4375,0.4,306.0,207.0,517.0,9.0,214882,Oliwia Szymczuch,2015-04-06,28.0,,0,,1.0,,,0.0,,84.0,,,,,,,,,1,0.681112447313533
674,1691,1762,214646,Xiaodi You,2024-10-28,112.0,7.7,5,2.4375,0.4,306.0,207.0,517.0,9.0,215064,Maria Mateas,2024-08-26,0.0,7.777777777777778,0,2.0,0.3333333333333333,190.0,369.0,0.0,6.333333333333333,112.0,116.0,2.666666666666667,-162.0,-3.750179979977732,-4.121743536410215,-4.67875854264558,-5.577030769017057,0.3364722366212129,0,0.16642094322431356
675,1691,1764,214646,Xiaodi You,2024-10-28,112.0,7.7,5,2.4375,0.4,306.0,207.0,517.0,9.0,215096,Jaimee Fourlis,2024-05-27,0.0,8.2,0,1.9166666666666667,0.4,294.0,234.0,0.0,8.916666666666666,112.0,12.0,0.08333333333333393,-27.0,-3.296262488483621,-3.667826044916104,-4.224841051151469,-5.123113277522946,0.790389728115324,0,0.22529264373906593
676,1691,2047,214646,Xiaodi You,2024-10-28,112.0,7.7,5,2.4375,0.4,306.0,207.0,517.0,9.0,220757,Lia Karatancheva,2023-04-14,0.0,,3,,1.0,518.0,79.0,338.0,,112.0,-212.0,,128.0,-2.218703609013344,-2.5902671654458267,-3.147282171681192,-4.045554398052669,1.8679486075856013,0,0.40213670436576726
677,1691,2218,214646,Xiaodi You,2024-10-28,112.0,7.7,5,2.4375,0.4,306.0,207.0,517.0,9.0,222034,Reese Brantmeier,2022-03-07,0.0,6.333333333333333,0,4.0,0.5,525.0,84.0,0.0,6.0,112.0,-219.0,3.0,123.0,-2.2793282308297784,-2.6508917872622613,-3.2079067934976266,-4.106179019869104,1.8073239857691665,0,0.40589513912943964
678,1691,2275,214646,Xiaodi You,2024-10-28,112.0,7.7,5,2.4375,0.4,306.0,207.0,517.0,9.0,223135,Shaira Hope Rivera,2020-02-08,0.0,1.0,1,4.0,1.0,,,37.0,1.0,112.0,,8.0,,,,,,,1,0.7414053137098091
679,1691,2318,214646,Xiaodi You,2024-10-28,112.0,7.7,5,2.4375,0.4,306.0,207.0,517.0,9.0,232447,Celine Naef,2024-08-26,152.0,9.5,0,3.076923076923077,0.3,177.0,400.0,0.0,8.461538461538462,-40.0,129.0,0.5384615384615383,-193.0,-3.830638401646031,-4.202201958078514,-4.75921696431388,-5.657489190685356,0.2560138149529138,0,0.04831261682268843
680,1691,2338,214646,Xiaodi You,2024-10-28,112.0,7.7,5,2.4375,0.4,306.0,207.0,517.0,9.0,239129,Lina Soussi,2024-09-09,0.0,,0,,,,,0.0,,112.0,,,,,,,,,1,0.7305084373552516
681,1691,2458,214646,Xiaodi You,2024-10-28,112.0,7.7,5,2.4375,0.4,306.0,207.0,517.0,9.0,267256,Melinda Biro,2024-07-15,0.0,,0,,,,,0.0,,112.0,,,,,,,,,1,0.7305084373552516
682,1696,1,214679,Sunam Jeong,2019-02-09,0.0,9.0,0,1.0,0.3333333333333333,582.0,27.0,0.0,9.333333333333334,200002,Mirjana Lucic,2018-01-15,138.0,10.8,3,2.972972972972973,0.4,30.0,1618.0,234.0,9.027027027027026,-138.0,552.0,0.3063063063063076,-1591.0,-5.0869788606835895,-7.389563953677635,-6.69641677311769,-7.101881881225855,-7.389563953677635,0,0.002497661076961509
683,1696,316,214679,Sunam Jeong,2019-02-09,0.0,9.0,0,1.0,0.3333333333333333,582.0,27.0,0.0,9.333333333333334,201658,Carmen Klaschka,2010-05-03,72.0,11.0,2,0.0,0.6666666666666666,245.0,205.0,132.0,11.0,-72.0,337.0,-1.666666666666666,-178.0,-3.0252910757955354,-5.327876168789581,-4.634728988229636,-5.0401940963378005,-5.327876168789581,0,0.01894134958755194
684,1696,335,214679,Sunam Jeong,2019-02-09,0.0,9.0,0,1.0,0.3333333333333333,582.0,27.0,0.0,9.333333333333334,201678,Sacha Jones,2018-01-01,0.0,12.714285714285714,0,,0.2,,,0.0,,0.0,,,,,,,,,1,0.547202942689298
685,1696,378,214679,Sunam Jeong,2019-02-09,0.0,9.0,0,1.0,0.3333333333333333,582.0,27.0,0.0,9.333333333333334,202306,Diana Ospina,2012-09-10,0.0,,0,,,595.0,44.0,0.0,,0.0,-13.0,,-17.0,-1.5040773967762742,-3.8066624897703196,-3.1135153092103742,-3.518980417318539,-3.8066624897703196,0,0.11052926798741602
686,1696,463,214679,Sunam Jeong,2019-02-09,0.0,9.0,0,1.0,0.3333333333333333,582.0,27.0,0.0,9.333333333333334,202459,Bojana Bobusic,2013-01-14,0.0,10.0,5,2.1666666666666665,0.375,307.0,152.0,549.0,10.666666666666666,0.0,275.0,-1.3333333333333321,-125.0,-2.72785282839839,-5.030437921392435,-4.33729074083249,-4.7427558489406545,-5.030437921392435,0,0.04322584882299115
687,1696,485,214679,Sunam Jeong,2019-02-09,0.0,9.0,0,1.0,0.3333333333333333,582.0,27.0,0.0,9.333333333333334,202481,Chi Chi Scholl,2014-09-08,0.0,9.833333333333334,0,,0.0,454.0,69.0,0.0,,0.0,128.0,,-42.0,-1.9459101490553135,-4.248495242049359,-3.5553480614894135,-3.960813169597578,-4.248495242049359,0,0.07447320264376274
688,1696,627,214679,Sunam Jeong,2019-02-09,0.0,9.0,0,1.0,0.3333333333333333,582.0,27.0,0.0,9.333333333333334,202703,Constance Sibille,2015-05-18,60.0,10.0,0,1.0,0.3333333333333333,320.0,116.0,0.0,15.0,-60.0,262.0,-5.666666666666666,-89.0,-2.4595888418037104,-4.762173934797756,-4.069026754237811,-4.4744918623459755,-4.762173934797756,0,0.028781982480973155
689,1696,835,214679,Sunam Jeong,2019-02-09,0.0,9.0,0,1.0,0.3333333333333333,582.0,27.0,0.0,9.333333333333334,204271,Biljana Pawlowa Dimitrova,2010-02-05,0.0,,0,,,857.0,14.0,0.0,,0.0,-275.0,,13.0,-0.40546510810816444,-2.70805020110221,-2.0149030205422647,-2.4203681286504293,-2.70805020110221,0,0.2317948482670138
690,1696,847,214679,Sunam Jeong,2019-02-09,0.0,9.0,0,1.0,0.3333333333333333,582.0,27.0,0.0,9.333333333333334,204292,Hyojung Yea,2011-09-19,0.0,11.0,0,0.0,0.0,1108.0,7.0,0.0,11.0,0.0,-526.0,-1.666666666666666,20.0,0.22314355131420976,-2.0794415416798357,-1.3862943611198906,-1.791759469228055,-2.0794415416798357,0,0.37859186567265424
691,1696,893,214679,Sunam Jeong,2019-02-09,0.0,9.0,0,1.0,0.3333333333333333,582.0,27.0,0.0,9.333333333333334,204339,Yue Fei,2010-09-13,0.0,,0,,,,,0.0,,0.0,,,,,,,,,1,0.547202942689298
692,1696,986,214679,Sunam Jeong,2019-02-09,0.0,9.0,0,1.0,0.3333333333333333,582.0,27.0,0.0,9.333333333333334,204433,Syna Kayser,2012-05-21,0.0,,0,,,609.0,45.0,0.0,,0.0,-27.0,,-18.0,-1.5260563034950494,-3.828641396489095,-3.1354942159291497,-3.5409593240373143,-3.828641396489095,0,0.11271703006179491
693,1696,1017,214679,Sunam Jeong,2019-02-09,0.0,9.0,0,1.0,0.3333333333333333,582.0,27.0,0.0,9.333333333333334,205789,Na Ri Kim,2022-04-16,0.0,5.25,0,,0.5714285714285714,1535.0,4.0,0.0,,0.0,-953.0,,23.0,0.6931471805599453,-1.6094379124341003,-0.916290731874155,-1.3217558399823195,-1.6094379124341003,1,0.63326845561583
694,1696,1175,214679,Sunam Jeong,2019-02-09,0.0,9.0,0,1.0,0.3333333333333333,582.0,27.0,0.0,9.333333333333334,209919,Carina Litfin,2014-05-19,0.0,,0,,,,,0.0,,0.0,,,,,,,,,1,0.547202942689298
695,1696,1179,214679,Sunam Jeong,2019-02-09,0.0,9.0,0,1.0,0.3333333333333333,582.0,27.0,0.0,9.333333333333334,210064,Denise Muresan,2014-09-08,0.0,,0,,,421.0,79.0,0.0,,0.0,161.0,,-52.0,-2.0794415416798357,-4.382026634673881,-3.6888794541139363,-4.0943445622221,-4.382026634673881,0,0.06710456838188836
696,1696,1230,214679,Sunam Jeong,2019-02-09,0.0,9.0,0,1.0,0.3333333333333333,582.0,27.0,0.0,9.333333333333334,210884,Melisa Martinov,2012-04-20,0.0,,0,,,,,0.0,,0.0,,,,,,,,,1,0.547202942689298
697,1696,1278,214679,Sunam Jeong,2019-02-09,0.0,9.0,0,1.0,0.3333333333333333,582.0,27.0,0.0,9.333333333333334,211260,Marie Benoit,2024-11-15,0.0,10.0,0,1.6666666666666667,0.2,208.0,346.0,0.0,7.333333333333333,0.0,374.0,2.000000000000001,-319.0,-3.5467396869528134,-5.849324779946859,-5.156177599386914,-5.5616427074950785,-5.849324779946859,0,0.0269536128969679
698,1696,1311,214679,Sunam Jeong,2019-02-09,0.0,9.0,0,1.0,0.3333333333333333,582.0,27.0,0.0,9.333333333333334,211472,Oleksandra Korashvili,2015-07-27,48.0,5.8,0,,0.4,582.0,38.0,0.0,,-48.0,0.0,,-11.0,-1.3609765531356008,-3.6635616461296463,-2.9704144655697013,-3.3758795736778655,-3.6635616461296463,0,0.07759329116563425
699,1696,1315,214679,Sunam Jeong,2019-02-09,0.0,9.0,0,1.0,0.3333333333333333,582.0,27.0,0.0,9.333333333333334,211533,Jelena Ostapenko,2024-09-09,0.0,7.3,2,3.9444444444444446,0.5,12.0,3008.0,158.0,8.092592592592593,0.0,570.0,1.2407407407407405,-2981.0,-5.706777983635999,-8.009363076630045,-7.3162158960701,-7.721681004178264,-8.009363076630045,0,0.004282994852881518
700,1696,1385,214679,Sunam Jeong,2019-02-09,0.0,9.0,0,1.0,0.3333333333333333,582.0,27.0,0.0,9.333333333333334,211977,Adrijana Lekaj,2023-04-15,0.0,,4,,0.5,,,316.0,,0.0,,,,,,,,,1,0.547202942689298
701,1696,1394,214679,Sunam Jeong,2019-02-09,0.0,9.0,0,1.0,0.3333333333333333,582.0,27.0,0.0,9.333333333333334,212044,Katharina Gerlach,2022-08-29,0.0,11.5,0,1.2,0.3,251.0,261.0,0.0,9.6,0.0,331.0,-0.2666666666666657,-234.0,-3.265759410767051,-5.568344503761097,-4.875197323201151,-5.280662431309316,-5.568344503761097,0,0.03222975431557516
702,1696,1457,214679,Sunam Jeong,2019-02-09,0.0,9.0,0,1.0,0.3333333333333333,582.0,27.0,0.0,9.333333333333334,212302,Lesedi Sheya Jacobs,2015-04-17,0.0,,0,,0.0,,,0.0,,0.0,,,,,,,,,1,0.547202942689298
703,1696,1691,214679,Sunam Jeong,2019-02-09,0.0,9.0,0,1.0,0.3333333333333333,582.0,27.0,0.0,9.333333333333334,214646,Xiaodi You,2024-10-28,112.0,7.7,5,2.4375,0.4,306.0,207.0,517.0,9.0,-112.0,276.0,0.3333333333333339,-180.0,-3.0349529867072724,-5.337538079701318,-4.6443908991413725,-5.049856007249537,-5.337538079701318,0,0.01550960566506502
704,1696,1726,214679,Sunam Jeong,2019-02-09,0.0,9.0,0,1.0,0.3333333333333333,582.0,27.0,0.0,9.333333333333334,214882,Oliwia Szymczuch,2015-04-06,28.0,,0,,1.0,,,0.0,,-28.0,,,,,,,,,0,0.4877676636521466
705,1696,1762,214679,Sunam Jeong,2019-02-09,0.0,9.0,0,1.0,0.3333333333333333,582.0,27.0,0.0,9.333333333333334,215064,Maria Mateas,2024-08-26,0.0,7.777777777777778,0,2.0,0.3333333333333333,190.0,369.0,0.0,6.333333333333333,0.0,392.0,3.000000000000001,-342.0,-3.6109179126442243,-5.91350300563827,-5.220355825078324,-5.625820933186489,-5.91350300563827,0,0.025504917826128952
706,1696,1764,214679,Sunam Jeong,2019-02-09,0.0,9.0,0,1.0,0.3333333333333333,582.0,27.0,0.0,9.333333333333334,215096,Jaimee Fourlis,2024-05-27,0.0,8.2,0,1.9166666666666667,0.4,294.0,234.0,0.0,8.916666666666666,0.0,288.0,0.41666666666666785,-207.0,-3.1570004211501135,-5.459585514144159,-4.7664383335842135,-5.171903441692378,-5.459585514144159,0,0.03672344490402039
707,1696,2047,214679,Sunam Jeong,2019-02-09,0.0,9.0,0,1.0,0.3333333333333333,582.0,27.0,0.0,9.333333333333334,220757,Lia Karatancheva,2023-04-14,0.0,,3,,1.0,518.0,79.0,338.0,,0.0,64.0,,-52.0,-2.0794415416798357,-4.382026634673881,-3.6888794541139363,-4.0943445622221,-4.382026634673881,0,0.08085794812401799
708,1696,2218,214679,Sunam Jeong,2019-02-09,0.0,9.0,0,1.0,0.3333333333333333,582.0,27.0,0.0,9.333333333333334,222034,Reese Brantmeier,2022-03-07,0.0,6.333333333333333,0,4.0,0.5,525.0,84.0,0.0,6.0,0.0,57.0,3.333333333333334,-57.0,-2.1400661634962708,-4.442651256490317,-3.7495040759303713,-4.154969184038536,-4.442651256490317,0,0.08220174981826404
709,1696,2275,214679,Sunam Jeong,2019-02-09,0.0,9.0,0,1.0,0.3333333333333333,582.0,27.0,0.0,9.333333333333334,223135,Shaira Hope Rivera,2020-02-08,0.0,1.0,1,4.0,1.0,,,37.0,1.0,0.0,,8.333333333333334,,,,,,,1,0.5616335287579691
710,1696,2318,214679,Sunam Jeong,2019-02-09,0.0,9.0,0,1.0,0.3333333333333333,582.0,27.0,0.0,9.333333333333334,232447,Celine Naef,2024-08-26,152.0,9.5,0,3.076923076923077,0.3,177.0,400.0,0.0,8.461538461538462,-152.0,405.0,0.8717948717948723,-373.0,-3.6913763343125234,-5.993961427306569,-5.300814246746624,-5.7062793548547885,-5.993961427306569,0,0.006611023159448253
711,1696,2338,214679,Sunam Jeong,2019-02-09,0.0,9.0,0,1.0,0.3333333333333333,582.0,27.0,0.0,9.333333333333334,239129,Lina Soussi,2024-09-09,0.0,,0,,,,,0.0,,0.0,,,,,,,,,1,0.547202942689298
712,1696,2458,214679,Sunam Jeong,2019-02-09,0.0,9.0,0,1.0,0.3333333333333333,582.0,27.0,0.0,9.333333333333334,267256,Melinda Biro,2024-07-15,0.0,,0,,,,,0.0,,0.0,,,,,,,,,1,0.547202942689298
713,1726,1,214882,Oliwia Szymczuch,2015-04-06,28.0,,0,,1.0,,,0.0,,200002,Mirjana Lucic,2018-01-15,138.0,10.8,3,2.972972972972973,0.4,30.0,1618.0,234.0,9.027027027027026,-110.0,,,,,-7.389563953677635,,-6.69641677311769,-7.389563953677635,0,0.0022291392905326593
714,1726,316,214882,Oliwia Szymczuch,2015-04-06,28.0,,0,,1.0,,,0.0,,201658,Carmen Klaschka,2010-05-03,72.0,11.0,2,0.0,0.6666666666666666,245.0,205.0,132.0,11.0,-44.0,,,,,-5.327876168789581,,-4.634728988229636,-5.327876168789581,0,0.017462407346276018
715,1726,335,214882,Oliwia Szymczuch,2015-04-06,28.0,,0,,1.0,,,0.0,,201678,Sacha Jones,2018-01-01,0.0,12.714285714285714,0,,0.2,,,0.0,,28.0,,,,,,,,,1,0.5242843793100678
716,1726,378,214882,Oliwia Szymczuch,2015-04-06,28.0,,0,,1.0,,,0.0,,202306,Diana Ospina,2012-09-10,0.0,,0,,,595.0,44.0,0.0,,28.0,,,,,-3.8066624897703196,,-3.1135153092103742,-3.8066624897703196,0,0.09099103672634425
717,1726,463,214882,Oliwia Szymczuch,2015-04-06,28.0,,0,,1.0,,,0.0,,202459,Bojana Bobusic,2013-01-14,0.0,10.0,5,2.1666666666666665,0.375,307.0,152.0,549.0,10.666666666666666,28.0,,,,,-5.030437921392435,,-4.33729074083249,-5.030437921392435,0,0.03919839170704871
718,1726,485,214882,Oliwia Szymczuch,2015-04-06,28.0,,0,,1.0,,,0.0,,202481,Chi Chi Scholl,2014-09-08,0.0,9.833333333333334,0,,0.0,454.0,69.0,0.0,,28.0,,,,,-4.248495242049359,,-3.5553480614894135,-4.248495242049359,0,0.06750627862636754
719,1726,627,214882,Oliwia Szymczuch,2015-04-06,28.0,,0,,1.0,,,0.0,,202703,Constance Sibille,2015-05-18,60.0,10.0,0,1.0,0.3333333333333333,320.0,116.0,0.0,15.0,-32.0,,,,,-4.762173934797756,,-4.069026754237811,-4.762173934797756,0,0.028942983937449974
720,1726,835,214882,Oliwia Szymczuch,2015-04-06,28.0,,0,,1.0,,,0.0,,204271,Biljana Pawlowa Dimitrova,2010-02-05,0.0,,0,,,857.0,14.0,0.0,,28.0,,,,,-2.70805020110221,,-2.0149030205422647,-2.70805020110221,0,0.18304492221891155
721,1726,847,214882,Oliwia Szymczuch,2015-04-06,28.0,,0,,1.0,,,0.0,,204292,Hyojung Yea,2011-09-19,0.0,11.0,0,0.0,0.0,1108.0,7.0,0.0,11.0,28.0,,,,,-2.0794415416798357,,-1.3862943611198906,-2.0794415416798357,0,0.26215072599815076
722,1726,893,214882,Oliwia Szymczuch,2015-04-06,28.0,,0,,1.0,,,0.0,,204339,Yue Fei,2010-09-13,0.0,,0,,,,,0.0,,28.0,,,,,,,,,1,0.5242843793100678
723,1726,986,214882,Oliwia Szymczuch,2015-04-06,28.0,,0,,1.0,,,0.0,,204433,Syna Kayser,2012-05-21,0.0,,0,,,609.0,45.0,0.0,,28.0,,,,,-3.828641396489095,,-3.1354942159291497,-3.828641396489095,0,0.08966650971829342
724,1726,1017,214882,Oliwia Szymczuch,2015-04-06,28.0,,0,,1.0,,,0.0,,205789,Na Ri Kim,2022-04-16,0.0,5.25,0,,0.5714285714285714,1535.0,4.0,0.0,,28.0,,,,,-1.6094379124341003,,-0.916290731874155,-1.6094379124341003,0,0.3340083659015319
725,1726,1175,214882,Oliwia Szymczuch,2015-04-06,28.0,,0,,1.0,,,0.0,,209919,Carina Litfin,2014-05-19,0.0,,0,,,,,0.0,,28.0,,,,,,,,,1,0.5242843793100678
726,1726,1179,214882,Oliwia Szymczuch,2015-04-06,28.0,,0,,1.0,,,0.0,,210064,Denise Muresan,2014-09-08,0.0,,0,,,421.0,79.0,0.0,,28.0,,,,,-4.382026634673881,,-3.6888794541139363,-4.382026634673881,0,0.061596437144835633
727,1726,1230,214882,Oliwia Szymczuch,2015-04-06,28.0,,0,,1.0,,,0.0,,210884,Melisa Martinov,2012-04-20,0.0,,0,,,,,0.0,,28.0,,,,,,,,,1,0.5242843793100678
728,1726,1278,214882,Oliwia Szymczuch,2015-04-06,28.0,,0,,1.0,,,0.0,,211260,Marie Benoit,2024-11-15,0.0,10.0,0,1.6666666666666667,0.2,208.0,346.0,0.0,7.333333333333333,28.0,,,,,-5.849324779946859,,-5.156177599386914,-5.849324779946859,0,0.021887304009237454
729,1726,1311,214882,Oliwia Szymczuch,2015-04-06,28.0,,0,,1.0,,,0.0,,211472,Oleksandra Korashvili,2015-07-27,48.0,5.8,0,,0.4,582.0,38.0,0.0,,-20.0,,,,,-3.6635616461296463,,-2.9704144655697013,-3.6635616461296463,0,0.06880572372006283
730,1726,1315,214882,Oliwia Szymczuch,2015-04-06,28.0,,0,,1.0,,,0.0,,211533,Jelena Ostapenko,2024-09-09,0.0,7.3,2,3.9444444444444446,0.5,12.0,3008.0,158.0,8.092592592592593,28.0,,,,,-8.009363076630045,,-7.3162158960701,-8.009363076630045,0,0.004568788431582386
731,1726,1385,214882,Oliwia Szymczuch,2015-04-06,28.0,,0,,1.0,,,0.0,,211977,Adrijana Lekaj,2023-04-15,0.0,,4,,0.5,,,316.0,,28.0,,,,,,,,,1,0.5242843793100678
732,1726,1394,214882,Oliwia Szymczuch,2015-04-06,28.0,,0,,1.0,,,0.0,,212044,Katharina Gerlach,2022-08-29,0.0,11.5,0,1.2,0.3,251.0,261.0,0.0,9.6,28.0,,,,,-5.568344503761097,,-4.875197323201151,-5.568344503761097,0,0.02676208794406108
733,1726,1457,214882,Oliwia Szymczuch,2015-04-06,28.0,,0,,1.0,,,0.0,,212302,Lesedi Sheya Jacobs,2015-04-17,0.0,,0,,0.0,,,0.0,,28.0,,,,,,,,,1,0.5242843793100678
734,1726,1691,214882,Oliwia Szymczuch,2015-04-06,28.0,,0,,1.0,,,0.0,,214646,Xiaodi You,2024-10-28,112.0,7.7,5,2.4375,0.4,306.0,207.0,517.0,9.0,-84.0,,,,,-5.337538079701318,,-4.6443908991413725,-5.337538079701318,0,0.012399475035827593
735,1726,1696,214882,Oliwia Szymczuch,2015-04-06,28.0,,0,,1.0,,,0.0,,214679,Sunam Jeong,2019-02-09,0.0,9.0,0,1.0,0.3333333333333333,582.0,27.0,0.0,9.333333333333334,28.0,,,,,-3.332204510175204,,-2.639057329615259,-3.332204510175204,0,0.12415936797760647
736,1726,1762,214882,Oliwia Szymczuch,2015-04-06,28.0,,0,,1.0,,,0.0,,215064,Maria Mateas,2024-08-26,0.0,7.777777777777778,0,2.0,0.3333333333333333,190.0,369.0,0.0,6.333333333333333,28.0,,,,,-5.91350300563827,,-5.220355825078324,-5.91350300563827,0,0.02090198584784031
737,1726,1764,214882,Oliwia Szymczuch,2015-04-06,28.0,,0,,1.0,,,0.0,,215096,Jaimee Fourlis,2024-05-27,0.0,8.2,0,1.9166666666666667,0.4,294.0,234.0,0.0,8.916666666666666,28.0,,,,,-5.459585514144159,,-4.7664383335842135,-5.459585514144159,0,0.0289199688347759
738,1726,2047,214882,Oliwia Szymczuch,2015-04-06,28.0,,0,,1.0,,,0.0,,220757,Lia Karatancheva,2023-04-14,0.0,,3,,1.0,518.0,79.0,338.0,,28.0,,,,,-4.382026634673881,,-3.6888794541139363,-4.382026634673881,0,0.061596437144835633
739,1726,2218,214882,Oliwia Szymczuch,2015-04-06,28.0,,0,,1.0,,,0.0,,222034,Reese Brantmeier,2022-03-07,0.0,6.333333333333333,0,4.0,0.5,525.0,84.0,0.0,6.0,28.0,,,,,-4.442651256490317,,-3.7495040759303713,-4.442651256490317,0,0.05907591108176363
740,1726,2275,214882,Oliwia Szymczuch,2015-04-06,28.0,,0,,1.0,,,0.0,,223135,Shaira Hope Rivera,2020-02-08,0.0,1.0,1,4.0,1.0,,,37.0,1.0,28.0,,,,,,,,,1,0.5242843793100678
741,1726,2318,214882,Oliwia Szymczuch,2015-04-06,28.0,,0,,1.0,,,0.0,,232447,Celine Naef,2024-08-26,152.0,9.5,0,3.076923076923077,0.3,177.0,400.0,0.0,8.461538461538462,-124.0,,,,,-5.993961427306569,,-5.300814246746624,-5.993961427306569,0,0.005488993535445647
742,1726,2338,214882,Oliwia Szymczuch,2015-04-06,28.0,,0,,1.0,,,0.0,,239129,Lina Soussi,2024-09-09,0.0,,0,,,,,0.0,,28.0,,,,,,,,,1,0.5242843793100678
743,1726,2458,214882,Oliwia Szymczuch,2015-04-06,28.0,,0,,1.0,,,0.0,,267256,Melinda Biro,2024-07-15,0.0,,0,,,,,0.0,,28.0,,,,,,,,,1,0.5242843793100678
744,1762,1,215064,Maria Mateas,2024-08-26,0.0,7.777777777777778,0,2.0,0.3333333333333333,190.0,369.0,0.0,6.333333333333333,200002,Mirjana Lucic,2018-01-15,138.0,10.8,3,2.972972972972973,0.4,30.0,1618.0,234.0,9.027027027027026,-138.0,160.0,-2.6936936936936933,-1249.0,-5.217340678546833,-7.389563953677635,-6.290951665009525,-7.101881881225855,-7.389563953677635,0,0.005841192297837725
745,1762,316,215064,Maria Mateas,2024-08-26,0.0,7.777777777777778,0,2.0,0.3333333333333333,190.0,369.0,0.0,6.333333333333333,201658,Carmen Klaschka,2010-05-03,72.0,11.0,2,0.0,0.6666666666666666,245.0,205.0,132.0,11.0,-72.0,-55.0,-4.666666666666667,164.0,-3.155652893658779,-5.327876168789581,-4.229263880121471,-5.0401940963378005,-5.327876168789581,0,0.04334103230483602
746,1762,335,215064,Maria Mateas,2024-08-26,0.0,7.777777777777778,0,2.0,0.3333333333333333,190.0,369.0,0.0,6.333333333333333,201678,Sacha Jones,2018-01-01,0.0,12.714285714285714,0,,0.2,,,0.0,,0.0,,,,,,,,,0,0.496969316539771
747,1762,378,215064,Maria Mateas,2024-08-26,0.0,7.777777777777778,0,2.0,0.3333333333333333,190.0,369.0,0.0,6.333333333333333,202306,Diana Ospina,2012-09-10,0.0,,0,,,595.0,44.0,0.0,,0.0,-405.0,,325.0,-1.6344392146395175,-3.8066624897703196,-2.70805020110221,-3.518980417318539,-3.8066624897703196,0,0.2294573536812743
748,1762,463,215064,Maria Mateas,2024-08-26,0.0,7.777777777777778,0,2.0,0.3333333333333333,190.0,369.0,0.0,6.333333333333333,202459,Bojana Bobusic,2013-01-14,0.0,10.0,5,2.1666666666666665,0.375,307.0,152.0,549.0,10.666666666666666,0.0,-117.0,-4.333333333333333,217.0,-2.8582146462616334,-5.030437921392435,-3.9318256327243257,-4.7427558489406545,-5.030437921392435,0,0.09585172055697144
749,1762,485,215064,Maria Mateas,2024-08-26,0.0,7.777777777777778,0,2.0,0.3333333333333333,190.0,369.0,0.0,6.333333333333333,202481,Chi Chi Scholl,2014-09-08,0.0,9.833333333333334,0,,0.0,454.0,69.0,0.0,,0.0,-264.0,,300.0,-2.076271966918557,-4.248495242049359,-3.1498829533812494,-3.960813169597578,-4.248495242049359,0,0.16165635382763724
750,1762,627,215064,Maria Mateas,2024-08-26,0.0,7.777777777777778,0,2.0,0.3333333333333333,190.0,369.0,0.0,6.333333333333333,202703,Constance Sibille,2015-05-18,60.0,10.0,0,1.0,0.3333333333333333,320.0,116.0,0.0,15.0,-60.0,-130.0,-8.666666666666668,253.0,-2.589950659666954,-4.762173934797756,-3.6635616461296463,-4.4744918623459755,-4.762173934797756,0,0.0650179683557127
751,1762,835,215064,Maria Mateas,2024-08-26,0.0,7.777777777777778,0,2.0,0.3333333333333333,190.0,369.0,0.0,6.333333333333333,204271,Biljana Pawlowa Dimitrova,2010-02-05,0.0,,0,,,857.0,14.0,0.0,,0.0,-667.0,,355.0,-0.5358269259714078,-2.70805020110221,-1.6094379124341003,-2.4203681286504293,-2.70805020110221,0,0.4196438282300548
752,1762,847,215064,Maria Mateas,2024-08-26,0.0,7.777777777777778,0,2.0,0.3333333333333333,190.0,369.0,0.0,6.333333333333333,204292,Hyojung Yea,2011-09-19,0.0,11.0,0,0.0,0.0,1108.0,7.0,0.0,11.0,0.0,-918.0,-4.666666666666667,362.0,0.09278173345096627,-2.0794415416798357,-0.9808292530117262,-1.791759469228055,-2.0794415416798357,1,0.5884129390592919
753,1762,893,215064,Maria Mateas,2024-08-26,0.0,7.777777777777778,0,2.0,0.3333333333333333,190.0,369.0,0.0,6.333333333333333,204339,Yue Fei,2010-09-13,0.0,,0,,,,,0.0,,0.0,,,,,,,,,0,0.496969316539771
754,1762,986,215064,Maria Mateas,2024-08-26,0.0,7.777777777777778,0,2.0,0.3333333333333333,190.0,369.0,0.0,6.333333333333333,204433,Syna Kayser,2012-05-21,0.0,,0,,,609.0,45.0,0.0,,0.0,-419.0,,324.0,-1.656418121358293,-3.828641396489095,-2.7300291078209855,-3.5409593240373143,-3.828641396489095,0,0.2333814706327755
755,1762,1017,215064,Maria Mateas,2024-08-26,0.0,7.777777777777778,0,2.0,0.3333333333333333,190.0,369.0,0.0,6.333333333333333,205789,Na Ri Kim,2022-04-16,0.0,5.25,0,,0.5714285714285714,1535.0,4.0,0.0,,0.0,-1345.0,,365.0,0.5627853626967019,-1.6094379124341003,-0.5108256237659907,-1.3217558399823195,-1.6094379124341003,1,0.8053749055233655
756,1762,1175,215064,Maria Mateas,2024-08-26,0.0,7.777777777777778,0,2.0,0.3333333333333333,190.0,369.0,0.0,6.333333333333333,209919,Carina Litfin,2014-05-19,0.0,,0,,,,,0.0,,0.0,,,,,,,,,0,0.496969316539771
757,1762,1179,215064,Maria Mateas,2024-08-26,0.0,7.777777777777778,0,2.0,0.3333333333333333,190.0,369.0,0.0,6.333333333333333,210064,Denise Muresan,2014-09-08,0.0,,0,,,421.0,79.0,0.0,,0.0,-231.0,,290.0,-2.2098033595430793,-4.382026634673881,-3.283414346005772,-4.0943445622221,-4.382026634673881,0,0.14703190284939385
758,1762,1230,215064,Maria Mateas,2024-08-26,0.0,7.777777777777778,0,2.0,0.3333333333333333,190.0,369.0,0.0,6.333333333333333,210884,Melisa Martinov,2012-04-20,0.0,,0,,,,,0.0,,0.0,,,,,,,,,0,0.496969316539771
759,1762,1278,215064,Maria Mateas,2024-08-26,0.0,7.777777777777778,0,2.0,0.3333333333333333,190.0,369.0,0.0,6.333333333333333,211260,Marie Benoit,2024-11-15,0.0,10.0,0,1.6666666666666667,0.2,208.0,346.0,0.0,7.333333333333333,0.0,-18.0,-1.0,23.0,-3.677101504816057,-5.849324779946859,-4.750712491278749,-5.5616427074950785,-5.849324779946859,0,0.061032367941302665
760,1762,1311,215064,Maria Mateas,2024-08-26,0.0,7.777777777777778,0,2.0,0.3333333333333333,190.0,369.0,0.0,6.333333333333333,211472,Oleksandra Korashvili,2015-07-27,48.0,5.8,0,,0.4,582.0,38.0,0.0,,-48.0,-392.0,,331.0,-1.4913383709988441,-3.6635616461296463,-2.5649493574615367,-3.3758795736778655,-3.6635616461296463,0,0.16776693025278805
761,1762,1315,215064,Maria Mateas,2024-08-26,0.0,7.777777777777778,0,2.0,0.3333333333333333,190.0,369.0,0.0,6.333333333333333,211533,Jelena Ostapenko,2024-09-09,0.0,7.3,2,3.9444444444444446,0.5,12.0,3008.0,158.0,8.092592592592593,0.0,178.0,-1.7592592592592604,-2639.0,-5.837139801499243,-8.009363076630045,-6.910750787961936,-7.721681004178264,-8.009363076630045,0,0.009992548113009384
762,1762,1385,215064,Maria Mateas,2024-08-26,0.0,7.777777777777778,0,2.0,0.3333333333333333,190.0,369.0,0.0,6.333333333333333,211977,Adrijana Lekaj,2023-04-15,0.0,,4,,0.5,,,316.0,,0.0,,,,,,,,,0,0.496969316539771
763,1762,1394,215064,Maria Mateas,2024-08-26,0.0,7.777777777777778,0,2.0,0.3333333333333333,190.0,369.0,0.0,6.333333333333333,212044,Katharina Gerlach,2022-08-29,0.0,11.5,0,1.2,0.3,251.0,261.0,0.0,9.6,0.0,-61.0,-3.2666666666666666,108.0,-3.3961212286302946,-5.568344503761097,-4.4697322150929875,-5.280662431309316,-5.568344503761097,0,0.07248247427556269
764,1762,1457,215064,Maria Mateas,2024-08-26,0.0,7.777777777777778,0,2.0,0.3333333333333333,190.0,369.0,0.0,6.333333333333333,212302,Lesedi Sheya Jacobs,2015-04-17,0.0,,0,,0.0,,,0.0,,0.0,,,,,,,,,0,0.496969316539771
765,1762,1691,215064,Maria Mateas,2024-08-26,0.0,7.777777777777778,0,2.0,0.3333333333333333,190.0,369.0,0.0,6.333333333333333,214646,Xiaodi You,2024-10-28,112.0,7.7,5,2.4375,0.4,306.0,207.0,517.0,9.0,-112.0,-116.0,-2.666666666666667,162.0,-3.165314804570516,-5.337538079701318,-4.238925791033208,-5.049856007249537,-5.337538079701318,0,0.03564925428291897
766,1762,1696,215064,Maria Mateas,2024-08-26,0.0,7.777777777777778,0,2.0,0.3333333333333333,190.0,369.0,0.0,6.333333333333333,214679,Sunam Jeong,2019-02-09,0.0,9.0,0,1.0,0.3333333333333333,582.0,27.0,0.0,9.333333333333334,0.0,-392.0,-3.000000000000001,342.0,-1.1599812350444016,-3.332204510175204,-2.2335922215070942,-3.044522437723423,-3.332204510175204,0,0.24789696011497275
767,1762,1726,215064,Maria Mateas,2024-08-26,0.0,7.777777777777778,0,2.0,0.3333333333333333,190.0,369.0,0.0,6.333333333333333,214882,Oliwia Szymczuch,2015-04-06,28.0,,0,,1.0,,,0.0,,-28.0,,,,,,,,,0,0.4377157669544333
768,1762,1764,215064,Maria Mateas,2024-08-26,0.0,7.777777777777778,0,2.0,0.3333333333333333,190.0,369.0,0.0,6.333333333333333,215096,Jaimee Fourlis,2024-05-27,0.0,8.2,0,1.9166666666666667,0.4,294.0,234.0,0.0,8.916666666666666,0.0,-104.0,-2.583333333333333,135.0,-3.2873622390133566,-5.459585514144159,-4.360973225476049,-5.171903441692378,-5.459585514144159,0,0.08211228493486211
769,1762,2047,215064,Maria Mateas,2024-08-26,0.0,7.777777777777778,0,2.0,0.3333333333333333,190.0,369.0,0.0,6.333333333333333,220757,Lia Karatancheva,2023-04-14,0.0,,3,,1.0,518.0,79.0,338.0,,0.0,-328.0,,290.0,-2.2098033595430793,-4.382026634673881,-3.283414346005772,-4.0943445622221,-4.382026634673881,0,0.17410941769715899
770,1762,2218,215064,Maria Mateas,2024-08-26,0.0,7.777777777777778,0,2.0,0.3333333333333333,190.0,369.0,0.0,6.333333333333333,222034,Reese Brantmeier,2022-03-07,0.0,6.333333333333333,0,4.0,0.5,525.0,84.0,0.0,6.0,0.0,-335.0,0.33333333333333304,285.0,-2.2704279813595143,-4.442651256490317,-3.3440389678222067,-4.154969184038536,-4.442651256490317,0,0.17366626904220497
771,1762,2275,215064,Maria Mateas,2024-08-26,0.0,7.777777777777778,0,2.0,0.3333333333333333,190.0,369.0,0.0,6.333333333333333,223135,Shaira Hope Rivera,2020-02-08,0.0,1.0,1,4.0,1.0,,,37.0,1.0,0.0,,5.333333333333333,,,,,,,1,0.5063159169392595
772,1762,2318,215064,Maria Mateas,2024-08-26,0.0,7.777777777777778,0,2.0,0.3333333333333333,190.0,369.0,0.0,6.333333333333333,232447,Celine Naef,2024-08-26,152.0,9.5,0,3.076923076923077,0.3,177.0,400.0,0.0,8.461538461538462,-152.0,13.0,-2.1282051282051286,-31.0,-3.821738152175767,-5.993961427306569,-4.895349138638459,-5.7062793548547885,-5.993961427306569,0,0.015376088728463556
773,1762,2338,215064,Maria Mateas,2024-08-26,0.0,7.777777777777778,0,2.0,0.3333333333333333,190.0,369.0,0.0,6.333333333333333,239129,Lina Soussi,2024-09-09,0.0,,0,,,,,0.0,,0.0,,,,,,,,,0,0.496969316539771
774,1762,2458,215064,Maria Mateas,2024-08-26,0.0,7.777777777777778,0,2.0,0.3333333333333333,190.0,369.0,0.0,6.333333333333333,267256,Melinda Biro,2024-07-15,0.0,,0,,,,,0.0,,0.0,,,,,,,,,0,0.496969316539771
775,1764,1,215096,Jaimee Fourlis,2024-05-27,0.0,8.2,0,1.9166666666666667,0.4,294.0,234.0,0.0,8.916666666666666,200002,Mirjana Lucic,2018-01-15,138.0,10.8,3,2.972972972972973,0.4,30.0,1618.0,234.0,9.027027027027026,-138.0,264.0,-0.11036036036036023,-1384.0,-5.170360469622641,-7.389563953677635,-6.319122541976221,-7.0530917170564225,-7.389563953677635,0,0.00481539214980454
776,1764,316,215096,Jaimee Fourlis,2024-05-27,0.0,8.2,0,1.9166666666666667,0.4,294.0,234.0,0.0,8.916666666666666,201658,Carmen Klaschka,2010-05-03,72.0,11.0,2,0.0,0.6666666666666666,245.0,205.0,132.0,11.0,-72.0,49.0,-2.083333333333334,29.0,-3.1086726847345867,-5.327876168789581,-4.257434757088167,-4.991403932168368,-5.327876168789581,0,0.03596796291472554
777,1764,335,215096,Jaimee Fourlis,2024-05-27,0.0,8.2,0,1.9166666666666667,0.4,294.0,234.0,0.0,8.916666666666666,201678,Sacha Jones,2018-01-01,0.0,12.714285714285714,0,,0.2,,,0.0,,0.0,,,,,,,,,1,0.5096847900457054
778,1764,378,215096,Jaimee Fourlis,2024-05-27,0.0,8.2,0,1.9166666666666667,0.4,294.0,234.0,0.0,8.916666666666666,202306,Diana Ospina,2012-09-10,0.0,,0,,,595.0,44.0,0.0,,0.0,-301.0,,190.0,-1.5874590057153253,-3.8066624897703196,-2.736221078068906,-3.4701902531491067,-3.8066624897703196,0,0.19409215615504574
779,1764,463,215096,Jaimee Fourlis,2024-05-27,0.0,8.2,0,1.9166666666666667,0.4,294.0,234.0,0.0,8.916666666666666,202459,Bojana Bobusic,2013-01-14,0.0,10.0,5,2.1666666666666665,0.375,307.0,152.0,549.0,10.666666666666666,0.0,-13.0,-1.75,82.0,-2.8112344373374407,-5.030437921392435,-3.959996509691022,-4.693965684771222,-5.030437921392435,0,0.08029543676122027
780,1764,485,215096,Jaimee Fourlis,2024-05-27,0.0,8.2,0,1.9166666666666667,0.4,294.0,234.0,0.0,8.916666666666666,202481,Chi Chi Scholl,2014-09-08,0.0,9.833333333333334,0,,0.0,454.0,69.0,0.0,,0.0,-160.0,,165.0,-2.0292917579943643,-4.248495242049359,-3.1780538303479453,-3.912023005428146,-4.248495242049359,0,0.1349113847285447
781,1764,627,215096,Jaimee Fourlis,2024-05-27,0.0,8.2,0,1.9166666666666667,0.4,294.0,234.0,0.0,8.916666666666666,202703,Constance Sibille,2015-05-18,60.0,10.0,0,1.0,0.3333333333333333,320.0,116.0,0.0,15.0,-60.0,-26.0,-6.083333333333334,118.0,-2.5429704507427617,-4.762173934797756,-3.6917325230963427,-4.425701698176543,-4.762173934797756,0,0.05416606569923587
782,1764,835,215096,Jaimee Fourlis,2024-05-27,0.0,8.2,0,1.9166666666666667,0.4,294.0,234.0,0.0,8.916666666666666,204271,Biljana Pawlowa Dimitrova,2010-02-05,0.0,,0,,,857.0,14.0,0.0,,0.0,-563.0,,220.0,-0.4888467170472155,-2.70805020110221,-1.6376087894007965,-2.371577964480997,-2.70805020110221,0,0.3690034995690199
783,1764,847,215096,Jaimee Fourlis,2024-05-27,0.0,8.2,0,1.9166666666666667,0.4,294.0,234.0,0.0,8.916666666666666,204292,Hyojung Yea,2011-09-19,0.0,11.0,0,0.0,0.0,1108.0,7.0,0.0,11.0,0.0,-814.0,-2.083333333333334,227.0,0.13976194237515863,-2.0794415416798357,-1.0090001299784224,-1.742969305058623,-2.0794415416798357,1,0.5407245013823704
784,1764,893,215096,Jaimee Fourlis,2024-05-27,0.0,8.2,0,1.9166666666666667,0.4,294.0,234.0,0.0,8.916666666666666,204339,Yue Fei,2010-09-13,0.0,,0,,,,,0.0,,0.0,,,,,,,,,1,0.5096847900457054
785,1764,986,215096,Jaimee Fourlis,2024-05-27,0.0,8.2,0,1.9166666666666667,0.4,294.0,234.0,0.0,8.916666666666666,204433,Syna Kayser,2012-05-21,0.0,,0,,,609.0,45.0,0.0,,0.0,-315.0,,189.0,-1.6094379124341005,-3.828641396489095,-2.7581999847876815,-3.492169159867882,-3.828641396489095,0,0.19756653894007176
786,1764,1017,215096,Jaimee Fourlis,2024-05-27,0.0,8.2,0,1.9166666666666667,0.4,294.0,234.0,0.0,8.916666666666666,205789,Na Ri Kim,2022-04-16,0.0,5.25,0,,0.5714285714285714,1535.0,4.0,0.0,,0.0,-1241.0,,230.0,0.6097655716208942,-1.6094379124341003,-0.5389965007326869,-1.2729656758128876,-1.6094379124341003,1,0.7699403226670045
787,1764,1175,215096,Jaimee Fourlis,2024-05-27,0.0,8.2,0,1.9166666666666667,0.4,294.0,234.0,0.0,8.916666666666666,209919,Carina Litfin,2014-05-19,0.0,,0,,,,,0.0,,0.0,,,,,,,,,1,0.5096847900457054
788,1764,1179,215096,Jaimee Fourlis,2024-05-27,0.0,8.2,0,1.9166666666666667,0.4,294.0,234.0,0.0,8.916666666666666,210064,Denise Muresan,2014-09-08,0.0,,0,,,421.0,79.0,0.0,,0.0,-127.0,,155.0,-2.162823150618887,-4.382026634673881,-3.311585222972468,-4.045554398052669,-4.382026634673881,0,0.12235333170246787
789,1764,1230,215096,Jaimee Fourlis,2024-05-27,0.0,8.2,0,1.9166666666666667,0.4,294.0,234.0,0.0,8.916666666666666,210884,Melisa Martinov,2012-04-20,0.0,,0,,,,,0.0,,0.0,,,,,,,,,1,0.5096847900457054
790,1764,1278,215096,Jaimee Fourlis,2024-05-27,0.0,8.2,0,1.9166666666666667,0.4,294.0,234.0,0.0,8.916666666666666,211260,Marie Benoit,2024-11-15,0.0,10.0,0,1.6666666666666667,0.2,208.0,346.0,0.0,7.333333333333333,0.0,86.0,1.583333333333333,-112.0,-3.6301212958918647,-5.849324779946859,-4.778883368245446,-5.512852543325646,-5.849324779946859,0,0.050809536749869114
791,1764,1311,215096,Jaimee Fourlis,2024-05-27,0.0,8.2,0,1.9166666666666667,0.4,294.0,234.0,0.0,8.916666666666666,211472,Oleksandra Korashvili,2015-07-27,48.0,5.8,0,,0.4,582.0,38.0,0.0,,-48.0,-288.0,,196.0,-1.4443581620746517,-3.6635616461296463,-2.5931202344282327,-3.3270894095084333,-3.6635616461296463,0,0.14018004929869776
792,1764,1315,215096,Jaimee Fourlis,2024-05-27,0.0,8.2,0,1.9166666666666667,0.4,294.0,234.0,0.0,8.916666666666666,211533,Jelena Ostapenko,2024-09-09,0.0,7.3,2,3.9444444444444446,0.5,12.0,3008.0,158.0,8.092592592592593,0.0,282.0,0.8240740740740726,-2774.0,-5.79015959257505,-8.009363076630045,-6.938921664928632,-7.672890840008832,-8.009363076630045,0,0.008243753544649679
793,1764,1385,215096,Jaimee Fourlis,2024-05-27,0.0,8.2,0,1.9166666666666667,0.4,294.0,234.0,0.0,8.916666666666666,211977,Adrijana Lekaj,2023-04-15,0.0,,4,,0.5,,,316.0,,0.0,,,,,,,,,1,0.5096847900457054
794,1764,1394,215096,Jaimee Fourlis,2024-05-27,0.0,8.2,0,1.9166666666666667,0.4,294.0,234.0,0.0,8.916666666666666,212044,Katharina Gerlach,2022-08-29,0.0,11.5,0,1.2,0.3,251.0,261.0,0.0,9.6,0.0,43.0,-0.6833333333333336,-27.0,-3.3491410197061025,-5.568344503761097,-4.497903092059683,-5.231872267139884,-5.568344503761097,0,0.06046526977238278
795,1764,1457,215096,Jaimee Fourlis,2024-05-27,0.0,8.2,0,1.9166666666666667,0.4,294.0,234.0,0.0,8.916666666666666,212302,Lesedi Sheya Jacobs,2015-04-17,0.0,,0,,0.0,,,0.0,,0.0,,,,,,,,,1,0.5096847900457054
796,1764,1691,215096,Jaimee Fourlis,2024-05-27,0.0,8.2,0,1.9166666666666667,0.4,294.0,234.0,0.0,8.916666666666666,214646,Xiaodi You,2024-10-28,112.0,7.7,5,2.4375,0.4,306.0,207.0,517.0,9.0,-112.0,-12.0,-0.08333333333333393,27.0,-3.1183345956463233,-5.337538079701318,-4.267096667999905,-5.001065843080105,-5.337538079701318,0,0.029544280874623772
797,1764,1696,215096,Jaimee Fourlis,2024-05-27,0.0,8.2,0,1.9166666666666667,0.4,294.0,234.0,0.0,8.916666666666666,214679,Sunam Jeong,2019-02-09,0.0,9.0,0,1.0,0.3333333333333333,582.0,27.0,0.0,9.333333333333334,0.0,-288.0,-0.41666666666666785,207.0,-1.1130010261202092,-3.332204510175204,-2.2617630984737906,-2.9957322735539913,-3.332204510175204,0,0.2134910978060831
798,1764,1726,215096,Jaimee Fourlis,2024-05-27,0.0,8.2,0,1.9166666666666667,0.4,294.0,234.0,0.0,8.916666666666666,214882,Oliwia Szymczuch,2015-04-06,28.0,,0,,1.0,,,0.0,,-28.0,,,,,,,,,0,0.4502722339594622
799,1764,1762,215096,Jaimee Fourlis,2024-05-27,0.0,8.2,0,1.9166666666666667,0.4,294.0,234.0,0.0,8.916666666666666,215064,Maria Mateas,2024-08-26,0.0,7.777777777777778,0,2.0,0.3333333333333333,190.0,369.0,0.0,6.333333333333333,0.0,104.0,2.583333333333333,-135.0,-3.6942995215832757,-5.91350300563827,-4.843061593936857,-5.577030769017057,-5.91350300563827,0,0.048142078026081454
800,1764,2047,215096,Jaimee Fourlis,2024-05-27,0.0,8.2,0,1.9166666666666667,0.4,294.0,234.0,0.0,8.916666666666666,220757,Lia Karatancheva,2023-04-14,0.0,,3,,1.0,518.0,79.0,338.0,,0.0,-224.0,,155.0,-2.162823150618887,-4.382026634673881,-3.311585222972468,-4.045554398052669,-4.382026634673881,0,0.14566214487356652
801,1764,2218,215096,Jaimee Fourlis,2024-05-27,0.0,8.2,0,1.9166666666666667,0.4,294.0,234.0,0.0,8.916666666666666,222034,Reese Brantmeier,2022-03-07,0.0,6.333333333333333,0,4.0,0.5,525.0,84.0,0.0,6.0,0.0,-231.0,2.916666666666666,150.0,-2.2234477724353217,-4.442651256490317,-3.372209844788903,-4.106179019869104,-4.442651256490317,0,0.14754188082204506
802,1764,2275,215096,Jaimee Fourlis,2024-05-27,0.0,8.2,0,1.9166666666666667,0.4,294.0,234.0,0.0,8.916666666666666,223135,Shaira Hope Rivera,2020-02-08,0.0,1.0,1,4.0,1.0,,,37.0,1.0,0.0,,7.916666666666666,,,,,,,1,0.523542993095668
803,1764,2318,215096,Jaimee Fourlis,2024-05-27,0.0,8.2,0,1.9166666666666667,0.4,294.0,234.0,0.0,8.916666666666666,232447,Celine Naef,2024-08-26,152.0,9.5,0,3.076923076923077,0.3,177.0,400.0,0.0,8.461538461538462,-152.0,117.0,0.4551282051282044,-166.0,-3.7747579432515748,-5.993961427306569,-4.923520015605156,-5.657489190685356,-5.993961427306569,0,0.012697205112684283
804,1764,2338,215096,Jaimee Fourlis,2024-05-27,0.0,8.2,0,1.9166666666666667,0.4,294.0,234.0,0.0,8.916666666666666,239129,Lina Soussi,2024-09-09,0.0,,0,,,,,0.0,,0.0,,,,,,,,,1,0.5096847900457054
805,1764,2458,215096,Jaimee Fourlis,2024-05-27,0.0,8.2,0,1.9166666666666667,0.4,294.0,234.0,0.0,8.916666666666666,267256,Melinda Biro,2024-07-15,0.0,,0,,,,,0.0,,0.0,,,,,,,,,1,0.5096847900457054
806,2047,1,220757,Lia Karatancheva,2023-04-14,0.0,,3,,1.0,518.0,79.0,338.0,,200002,Mirjana Lucic,2018-01-15,138.0,10.8,3,2.972972972972973,0.4,30.0,1618.0,234.0,9.027027027027026,-138.0,488.0,,-1539.0,,-6.003269592557745,,-6.69641677311769,-1.5635638462971848,0,0.0007434126979380224
807,2047,316,220757,Lia Karatancheva,2023-04-14,0.0,,3,,1.0,518.0,79.0,338.0,,201658,Carmen Klaschka,2010-05-03,72.0,11.0,2,0.0,0.6666666666666666,245.0,205.0,132.0,11.0,-72.0,273.0,,-126.0,,-3.9415818076696905,,-4.634728988229636,0.4981239385908691,0,0.013888119870221882
808,2047,335,220757,Lia Karatancheva,2023-04-14,0.0,,3,,1.0,518.0,79.0,338.0,,201678,Sacha Jones,2018-01-01,0.0,12.714285714285714,0,,0.2,,,0.0,,0.0,,,,,,,,,1,0.538984047732311
809,2047,378,220757,Lia Karatancheva,2023-04-14,0.0,,3,,1.0,518.0,79.0,338.0,,202306,Diana Ospina,2012-09-10,0.0,,0,,,595.0,44.0,0.0,,0.0,-77.0,,35.0,,-2.4203681286504293,,-3.1135153092103742,2.0193376176101303,0,0.1467932642469569
810,2047,463,220757,Lia Karatancheva,2023-04-14,0.0,,3,,1.0,518.0,79.0,338.0,,202459,Bojana Bobusic,2013-01-14,0.0,10.0,5,2.1666666666666665,0.375,307.0,152.0,549.0,10.666666666666666,0.0,211.0,,-73.0,,-3.644143560272545,,-4.33729074083249,0.7955621859880149,0,0.03600825986107925
811,2047,485,220757,Lia Karatancheva,2023-04-14,0.0,,3,,1.0,518.0,79.0,338.0,,202481,Chi Chi Scholl,2014-09-08,0.0,9.833333333333334,0,,0.0,454.0,69.0,0.0,,0.0,64.0,,10.0,,-2.8622008809294686,,-3.5553480614894135,1.5775048653310912,0,0.08439534510987197
812,2047,627,220757,Lia Karatancheva,2023-04-14,0.0,,3,,1.0,518.0,79.0,338.0,,202703,Constance Sibille,2015-05-18,60.0,10.0,0,1.0,0.3333333333333333,320.0,116.0,0.0,15.0,-60.0,198.0,,-37.0,,-3.3758795736778655,,-4.069026754237811,1.063826172582694,0,0.02755683265599512
813,2047,835,220757,Lia Karatancheva,2023-04-14,0.0,,3,,1.0,518.0,79.0,338.0,,204271,Biljana Pawlowa Dimitrova,2010-02-05,0.0,,0,,,857.0,14.0,0.0,,0.0,-339.0,,65.0,,-1.3217558399823195,,-2.0149030205422647,3.1179499062782403,0,0.40092814148217487
814,2047,847,220757,Lia Karatancheva,2023-04-14,0.0,,3,,1.0,518.0,79.0,338.0,,204292,Hyojung Yea,2011-09-19,0.0,11.0,0,0.0,0.0,1108.0,7.0,0.0,11.0,0.0,-590.0,,72.0,,-0.6931471805599453,,-1.3862943611198906,3.746558565700614,1,0.6416177363284977
815,2047,893,220757,Lia Karatancheva,2023-04-14,0.0,,3,,1.0,518.0,79.0,338.0,,204339,Yue Fei,2010-09-13,0.0,,0,,,,,0.0,,0.0,,,,,,,,,1,0.538984047732311
816,2047,986,220757,Lia Karatancheva,2023-04-14,0.0,,3,,1.0,518.0,79.0,338.0,,204433,Syna Kayser,2012-05-21,0.0,,0,,,609.0,45.0,0.0,,0.0,-91.0,,34.0,,-2.4423470353692043,,-3.1354942159291497,1.9973587108913553,0,0.14838283984571002
817,2047,1017,220757,Lia Karatancheva,2023-04-14,0.0,,3,,1.0,518.0,79.0,338.0,,205789,Na Ri Kim,2022-04-16,0.0,5.25,0,,0.5714285714285714,1535.0,4.0,0.0,,0.0,-1017.0,,75.0,,-0.2231435513142097,,-0.916290731874155,4.216562194946349,1,0.8598571835213594
818,2047,1175,220757,Lia Karatancheva,2023-04-14,0.0,,3,,1.0,518.0,79.0,338.0,,209919,Carina Litfin,2014-05-19,0.0,,0,,,,,0.0,,0.0,,,,,,,,,1,0.538984047732311
819,2047,1179,220757,Lia Karatancheva,2023-04-14,0.0,,3,,1.0,518.0,79.0,338.0,,210064,Denise Muresan,2014-09-08,0.0,,0,,,421.0,79.0,0.0,,0.0,97.0,,0.0,,-2.995732273553991,,-3.6888794541139363,1.4439734727065685,0,0.0721939667313041
820,2047,1230,220757,Lia Karatancheva,2023-04-14,0.0,,3,,1.0,518.0,79.0,338.0,,210884,Melisa Martinov,2012-04-20,0.0,,0,,,,,0.0,,0.0,,,,,,,,,1,0.538984047732311
821,2047,1278,220757,Lia Karatancheva,2023-04-14,0.0,,3,,1.0,518.0,79.0,338.0,,211260,Marie Benoit,2024-11-15,0.0,10.0,0,1.6666666666666667,0.2,208.0,346.0,0.0,7.333333333333333,0.0,310.0,,-267.0,,-4.4630304188269685,,-5.156177599386914,-0.023324672566408893,0,0.015502376061641026
822,2047,1311,220757,Lia Karatancheva,2023-04-14,0.0,,3,,1.0,518.0,79.0,338.0,,211472,Oleksandra Korashvili,2015-07-27,48.0,5.8,0,,0.4,582.0,38.0,0.0,,-48.0,-64.0,,41.0,,-2.277267285009756,,-2.9704144655697013,2.1624384612508036,0,0.11019464201453825
823,2047,1315,220757,Lia Karatancheva,2023-04-14,0.0,,3,,1.0,518.0,79.0,338.0,,211533,Jelena Ostapenko,2024-09-09,0.0,7.3,2,3.9444444444444446,0.5,12.0,3008.0,158.0,8.092592592592593,0.0,506.0,,-2929.0,,-6.623068715510155,,-7.3162158960701,-2.183362969249595,0,0.0009723406216850408
824,2047,1385,220757,Lia Karatancheva,2023-04-14,0.0,,3,,1.0,518.0,79.0,338.0,,211977,Adrijana Lekaj,2023-04-15,0.0,,4,,0.5,,,316.0,,0.0,,,,,,,,,1,0.538984047732311
825,2047,1394,220757,Lia Karatancheva,2023-04-14,0.0,,3,,1.0,518.0,79.0,338.0,,212044,Katharina Gerlach,2022-08-29,0.0,11.5,0,1.2,0.3,251.0,261.0,0.0,9.6,0.0,267.0,,-182.0,,-4.182050142641207,,-4.875197323201151,0.2576556036193534,0,0.021237598606823407
826,2047,1457,220757,Lia Karatancheva,2023-04-14,0.0,,3,,1.0,518.0,79.0,338.0,,212302,Lesedi Sheya Jacobs,2015-04-17,0.0,,0,,0.0,,,0.0,,0.0,,,,,,,,,1,0.538984047732311
827,2047,1691,220757,Lia Karatancheva,2023-04-14,0.0,,3,,1.0,518.0,79.0,338.0,,214646,Xiaodi You,2024-10-28,112.0,7.7,5,2.4375,0.4,306.0,207.0,517.0,9.0,-112.0,212.0,,-128.0,,-3.951243718581427,,-4.6443908991413725,0.48846202767913227,0,0.011159073717230256
828,2047,1696,220757,Lia Karatancheva,2023-04-14,0.0,,3,,1.0,518.0,79.0,338.0,,214679,Sunam Jeong,2019-02-09,0.0,9.0,0,1.0,0.3333333333333333,582.0,27.0,0.0,9.333333333333334,0.0,-64.0,,52.0,,-1.9459101490553135,,-2.639057329615259,2.4937955972052466,0,0.19248928318226127
829,2047,1726,220757,Lia Karatancheva,2023-04-14,0.0,,3,,1.0,518.0,79.0,338.0,,214882,Oliwia Szymczuch,2015-04-06,28.0,,0,,1.0,,,0.0,,-28.0,,,,,,,,,0,0.47949613038969613
830,2047,1762,220757,Lia Karatancheva,2023-04-14,0.0,,3,,1.0,518.0,79.0,338.0,,215064,Maria Mateas,2024-08-26,0.0,7.777777777777778,0,2.0,0.3333333333333333,190.0,369.0,0.0,6.333333333333333,0.0,328.0,,-290.0,,-4.527208644518379,,-5.220355825078324,-0.0875028982578199,0,0.014169249729859173
831,2047,1764,220757,Lia Karatancheva,2023-04-14,0.0,,3,,1.0,518.0,79.0,338.0,,215096,Jaimee Fourlis,2024-05-27,0.0,8.2,0,1.9166666666666667,0.4,294.0,234.0,0.0,8.916666666666666,0.0,224.0,,-155.0,,-4.073291153024268,,-4.7664383335842135,0.3664145932362913,0,0.025247020816610694
832,2047,2218,220757,Lia Karatancheva,2023-04-14,0.0,,3,,1.0,518.0,79.0,338.0,,222034,Reese Brantmeier,2022-03-07,0.0,6.333333333333333,0,4.0,0.5,525.0,84.0,0.0,6.0,0.0,-7.0,,-5.0,,-3.056356895370426,,-3.7495040759303713,1.3833488508901337,0,0.08443202856416143
833,2047,2275,220757,Lia Karatancheva,2023-04-14,0.0,,3,,1.0,518.0,79.0,338.0,,223135,Shaira Hope Rivera,2020-02-08,0.0,1.0,1,4.0,1.0,,,37.0,1.0,0.0,,,,,,,,,1,0.538984047732311
834,2047,2318,220757,Lia Karatancheva,2023-04-14,0.0,,3,,1.0,518.0,79.0,338.0,,232447,Celine Naef,2024-08-26,152.0,9.5,0,3.076923076923077,0.3,177.0,400.0,0.0,8.461538461538462,-152.0,341.0,,-321.0,,-4.6076670661866785,,-5.300814246746624,-0.16796131992611896,0,0.003570977153473384
835,2047,2338,220757,Lia Karatancheva,2023-04-14,0.0,,3,,1.0,518.0,79.0,338.0,,239129,Lina Soussi,2024-09-09,0.0,,0,,,,,0.0,,0.0,,,,,,,,,1,0.538984047732311
836,2047,2458,220757,Lia Karatancheva,2023-04-14,0.0,,3,,1.0,518.0,79.0,338.0,,267256,Melinda Biro,2024-07-15,0.0,,0,,,,,0.0,,0.0,,,,,,,,,1,0.538984047732311
837,2218,1,222034,Reese Brantmeier,2022-03-07,0.0,6.333333333333333,0,4.0,0.5,525.0,84.0,0.0,6.0,200002,Mirjana Lucic,2018-01-15,138.0,10.8,3,2.972972972972973,0.4,30.0,1618.0,234.0,9.027027027027026,-138.0,495.0,-3.0270270270270263,-1534.0,-5.397133788987429,-7.389563953677635,-5.780126041243535,-6.984098845569471,-7.389563953677635,0,0.004199868134350666
838,2218,316,222034,Reese Brantmeier,2022-03-07,0.0,6.333333333333333,0,4.0,0.5,525.0,84.0,0.0,6.0,201658,Carmen Klaschka,2010-05-03,72.0,11.0,2,0.0,0.6666666666666666,245.0,205.0,132.0,11.0,-72.0,280.0,-5.0,-121.0,-3.3354460040993748,-5.327876168789581,-3.7184382563554808,-4.922411060681417,-5.327876168789581,0,0.03149641140136851
839,2218,335,222034,Reese Brantmeier,2022-03-07,0.0,6.333333333333333,0,4.0,0.5,525.0,84.0,0.0,6.0,201678,Sacha Jones,2018-01-01,0.0,12.714285714285714,0,,0.2,,,0.0,,0.0,,,,,,,,,1,0.5400395545755252
840,2218,378,222034,Reese Brantmeier,2022-03-07,0.0,6.333333333333333,0,4.0,0.5,525.0,84.0,0.0,6.0,202306,Diana Ospina,2012-09-10,0.0,,0,,,595.0,44.0,0.0,,0.0,-70.0,,40.0,-1.8142323250801138,-3.8066624897703196,-2.1972245773362196,-3.4011973816621555,-3.8066624897703196,0,0.17645206785363496
841,2218,463,222034,Reese Brantmeier,2022-03-07,0.0,6.333333333333333,0,4.0,0.5,525.0,84.0,0.0,6.0,202459,Bojana Bobusic,2013-01-14,0.0,10.0,5,2.1666666666666665,0.375,307.0,152.0,549.0,10.666666666666666,0.0,218.0,-4.666666666666666,-68.0,-3.0380077567022292,-5.030437921392435,-3.4210000089583352,-4.624972813284271,-5.030437921392435,0,0.07071732572929387
842,2218,485,222034,Reese Brantmeier,2022-03-07,0.0,6.333333333333333,0,4.0,0.5,525.0,84.0,0.0,6.0,202481,Chi Chi Scholl,2014-09-08,0.0,9.833333333333334,0,,0.0,454.0,69.0,0.0,,0.0,71.0,,15.0,-2.256065077359153,-4.248495242049359,-2.639057329615259,-3.8430301339411947,-4.248495242049359,0,0.12183680553298258
843,2218,627,222034,Reese Brantmeier,2022-03-07,0.0,6.333333333333333,0,4.0,0.5,525.0,84.0,0.0,6.0,202703,Constance Sibille,2015-05-18,60.0,10.0,0,1.0,0.3333333333333333,320.0,116.0,0.0,15.0,-60.0,205.0,-9.0,-32.0,-2.76974377010755,-4.762173934797756,-3.152736022363656,-4.356708826689592,-4.762173934797756,0,0.047543694570338496
844,2218,835,222034,Reese Brantmeier,2022-03-07,0.0,6.333333333333333,0,4.0,0.5,525.0,84.0,0.0,6.0,204271,Biljana Pawlowa Dimitrova,2010-02-05,0.0,,0,,,857.0,14.0,0.0,,0.0,-332.0,,70.0,-0.7156200364120039,-2.70805020110221,-1.0986122886681098,-2.3025850929940455,-2.70805020110221,0,0.3422169321609805
845,2218,847,222034,Reese Brantmeier,2022-03-07,0.0,6.333333333333333,0,4.0,0.5,525.0,84.0,0.0,6.0,204292,Hyojung Yea,2011-09-19,0.0,11.0,0,0.0,0.0,1108.0,7.0,0.0,11.0,0.0,-583.0,-5.0,77.0,-0.08701137698962981,-2.0794415416798357,-0.4700036292457356,-1.6739764335716716,-2.0794415416798357,1,0.5064688881436434
846,2218,893,222034,Reese Brantmeier,2022-03-07,0.0,6.333333333333333,0,4.0,0.5,525.0,84.0,0.0,6.0,204339,Yue Fei,2010-09-13,0.0,,0,,,,,0.0,,0.0,,,,,,,,,1,0.5400395545755252
847,2218,986,222034,Reese Brantmeier,2022-03-07,0.0,6.333333333333333,0,4.0,0.5,525.0,84.0,0.0,6.0,204433,Syna Kayser,2012-05-21,0.0,,0,,,609.0,45.0,0.0,,0.0,-84.0,,39.0,-1.836211231798889,-3.828641396489095,-2.2192034840549946,-3.4231762883809305,-3.828641396489095,0,0.17968108334416286
848,2218,1017,222034,Reese Brantmeier,2022-03-07,0.0,6.333333333333333,0,4.0,0.5,525.0,84.0,0.0,6.0,205789,Na Ri Kim,2022-04-16,0.0,5.25,0,,0.5714285714285714,1535.0,4.0,0.0,,0.0,-1010.0,,80.0,0.3829922522561057,-1.6094379124341003,0.0,-1.2039728043259361,-1.6094379124341003,1,0.7485771527857026
849,2218,1175,222034,Reese Brantmeier,2022-03-07,0.0,6.333333333333333,0,4.0,0.5,525.0,84.0,0.0,6.0,209919,Carina Litfin,2014-05-19,0.0,,0,,,,,0.0,,0.0,,,,,,,,,1,0.5400395545755252
850,2218,1179,222034,Reese Brantmeier,2022-03-07,0.0,6.333333333333333,0,4.0,0.5,525.0,84.0,0.0,6.0,210064,Denise Muresan,2014-09-08,0.0,,0,,,421.0,79.0,0.0,,0.0,104.0,,5.0,-2.3895964699836756,-4.382026634673881,-2.772588722239781,-3.9765615265657175,-4.382026634673881,0,0.11034055280467342
851,2218,1230,222034,Reese Brantmeier,2022-03-07,0.0,6.333333333333333,0,4.0,0.5,525.0,84.0,0.0,6.0,210884,Melisa Martinov,2012-04-20,0.0,,0,,,,,0.0,,0.0,,,,,,,,,1,0.5400395545755252
852,2218,1278,222034,Reese Brantmeier,2022-03-07,0.0,6.333333333333333,0,4.0,0.5,525.0,84.0,0.0,6.0,211260,Marie Benoit,2024-11-15,0.0,10.0,0,1.6666666666666667,0.2,208.0,346.0,0.0,7.333333333333333,0.0,317.0,-1.333333333333333,-262.0,-3.8568946152566532,-5.849324779946859,-4.239886867512759,-5.443859671838695,-5.849324779946859,0,0.04457819534600058
853,2218,1311,222034,Reese Brantmeier,2022-03-07,0.0,6.333333333333333,0,4.0,0.5,525.0,84.0,0.0,6.0,211472,Oleksandra Korashvili,2015-07-27,48.0,5.8,0,,0.4,582.0,38.0,0.0,,-48.0,-57.0,,46.0,-1.6711314814394402,-3.6635616461296463,-2.0541237336955462,-3.258096538021482,-3.6635616461296463,0,0.12666963528276445
854,2218,1315,222034,Reese Brantmeier,2022-03-07,0.0,6.333333333333333,0,4.0,0.5,525.0,84.0,0.0,6.0,211533,Jelena Ostapenko,2024-09-09,0.0,7.3,2,3.9444444444444446,0.5,12.0,3008.0,158.0,8.092592592592593,0.0,513.0,-2.0925925925925934,-2924.0,-6.016932911939839,-8.009363076630045,-6.3999251641959445,-7.603897968521881,-8.009363076630045,0,0.007193169215424882
855,2218,1385,222034,Reese Brantmeier,2022-03-07,0.0,6.333333333333333,0,4.0,0.5,525.0,84.0,0.0,6.0,211977,Adrijana Lekaj,2023-04-15,0.0,,4,,0.5,,,316.0,,0.0,,,,,,,,,1,0.5400395545755252
856,2218,1394,222034,Reese Brantmeier,2022-03-07,0.0,6.333333333333333,0,4.0,0.5,525.0,84.0,0.0,6.0,212044,Katharina Gerlach,2022-08-29,0.0,11.5,0,1.2,0.3,251.0,261.0,0.0,9.6,0.0,274.0,-3.5999999999999996,-177.0,-3.5759143390708905,-5.568344503761097,-3.9589065913269965,-5.162879395652933,-5.568344503761097,0,0.05311600433580332
857,2218,1457,222034,Reese Brantmeier,2022-03-07,0.0,6.333333333333333,0,4.0,0.5,525.0,84.0,0.0,6.0,212302,Lesedi Sheya Jacobs,2015-04-17,0.0,,0,,0.0,,,0.0,,0.0,,,,,,,,,1,0.5400395545755252
858,2218,1691,222034,Reese Brantmeier,2022-03-07,0.0,6.333333333333333,0,4.0,0.5,525.0,84.0,0.0,6.0,214646,Xiaodi You,2024-10-28,112.0,7.7,5,2.4375,0.4,306.0,207.0,517.0,9.0,-112.0,219.0,-3.0,-123.0,-3.345107915011112,-5.337538079701318,-3.7281001672672174,-4.932072971593153,-5.337538079701318,0,0.025849910264796702
859,2218,1696,222034,Reese Brantmeier,2022-03-07,0.0,6.333333333333333,0,4.0,0.5,525.0,84.0,0.0,6.0,214679,Sunam Jeong,2019-02-09,0.0,9.0,0,1.0,0.3333333333333333,582.0,27.0,0.0,9.333333333333334,0.0,-57.0,-3.333333333333334,57.0,-1.3397743454849977,-3.332204510175204,-1.7227665977411035,-2.9267394020670396,-3.332204510175204,0,0.19132994783725435
860,2218,1726,222034,Reese Brantmeier,2022-03-07,0.0,6.333333333333333,0,4.0,0.5,525.0,84.0,0.0,6.0,214882,Oliwia Szymczuch,2015-04-06,28.0,,0,,1.0,,,0.0,,-28.0,,,,,,,,,0,0.4805565750654182
861,2218,1762,222034,Reese Brantmeier,2022-03-07,0.0,6.333333333333333,0,4.0,0.5,525.0,84.0,0.0,6.0,215064,Maria Mateas,2024-08-26,0.0,7.777777777777778,0,2.0,0.3333333333333333,190.0,369.0,0.0,6.333333333333333,0.0,335.0,-0.33333333333333304,-285.0,-3.921072840948064,-5.91350300563827,-4.304065093204169,-5.508037897530106,-5.91350300563827,0,0.04222332455222146
862,2218,1764,222034,Reese Brantmeier,2022-03-07,0.0,6.333333333333333,0,4.0,0.5,525.0,84.0,0.0,6.0,215096,Jaimee Fourlis,2024-05-27,0.0,8.2,0,1.9166666666666667,0.4,294.0,234.0,0.0,8.916666666666666,0.0,231.0,-2.916666666666666,-150.0,-3.467155349453953,-5.459585514144159,-3.8501476017100584,-5.054120406035994,-5.459585514144159,0,0.060340228488111006
863,2218,2047,222034,Reese Brantmeier,2022-03-07,0.0,6.333333333333333,0,4.0,0.5,525.0,84.0,0.0,6.0,220757,Lia Karatancheva,2023-04-14,0.0,,3,,1.0,518.0,79.0,338.0,,0.0,7.0,,5.0,-2.3895964699836756,-4.382026634673881,-2.772588722239781,-3.9765615265657175,-4.382026634673881,0,0.1317043041564955
864,2218,2275,222034,Reese Brantmeier,2022-03-07,0.0,6.333333333333333,0,4.0,0.5,525.0,84.0,0.0,6.0,223135,Shaira Hope Rivera,2020-02-08,0.0,1.0,1,4.0,1.0,,,37.0,1.0,0.0,,5.0,,,,,,,1,0.5487330586153518
865,2218,2318,222034,Reese Brantmeier,2022-03-07,0.0,6.333333333333333,0,4.0,0.5,525.0,84.0,0.0,6.0,232447,Celine Naef,2024-08-26,152.0,9.5,0,3.076923076923077,0.3,177.0,400.0,0.0,8.461538461538462,-152.0,348.0,-2.4615384615384617,-316.0,-4.001531262616363,-5.993961427306569,-4.384523514872469,-5.588496319198405,-5.993961427306569,0,0.011085416515219146
866,2218,2338,222034,Reese Brantmeier,2022-03-07,0.0,6.333333333333333,0,4.0,0.5,525.0,84.0,0.0,6.0,239129,Lina Soussi,2024-09-09,0.0,,0,,,,,0.0,,0.0,,,,,,,,,1,0.5400395545755252
867,2218,2458,222034,Reese Brantmeier,2022-03-07,0.0,6.333333333333333,0,4.0,0.5,525.0,84.0,0.0,6.0,267256,Melinda Biro,2024-07-15,0.0,,0,,,,,0.0,,0.0,,,,,,,,,1,0.5400395545755252
868,2275,1,223135,Shaira Hope Rivera,2020-02-08,0.0,1.0,1,4.0,1.0,,,37.0,1.0,200002,Mirjana Lucic,2018-01-15,138.0,10.8,3,2.972972972972973,0.4,30.0,1618.0,234.0,9.027027027027026,-138.0,,-8.027027027027026,,-6.69641677311769,-6.69641677311769,-5.780126041243535,-6.69641677311769,-3.7519777939512493,0,0.039986739852770986
869,2275,316,223135,Shaira Hope Rivera,2020-02-08,0.0,1.0,1,4.0,1.0,,,37.0,1.0,201658,Carmen Klaschka,2010-05-03,72.0,11.0,2,0.0,0.6666666666666666,245.0,205.0,132.0,11.0,-72.0,,-10.0,,-4.634728988229636,-4.634728988229636,-3.7184382563554808,-4.634728988229636,-1.6902900090631954,0,0.11891512935066927
870,2275,335,223135,Shaira Hope Rivera,2020-02-08,0.0,1.0,1,4.0,1.0,,,37.0,1.0,201678,Sacha Jones,2018-01-01,0.0,12.714285714285714,0,,0.2,,,0.0,,0.0,,,,,,,,,0,0.4647832042393757
871,2275,378,223135,Shaira Hope Rivera,2020-02-08,0.0,1.0,1,4.0,1.0,,,37.0,1.0,202306,Diana Ospina,2012-09-10,0.0,,0,,,595.0,44.0,0.0,,0.0,,,,-3.1135153092103742,-3.1135153092103742,-2.1972245773362196,-3.1135153092103742,-0.169076330043934,0,0.2980393510521127
872,2275,463,223135,Shaira Hope Rivera,2020-02-08,0.0,1.0,1,4.0,1.0,,,37.0,1.0,202459,Bojana Bobusic,2013-01-14,0.0,10.0,5,2.1666666666666665,0.375,307.0,152.0,549.0,10.666666666666666,0.0,,-9.666666666666666,,-4.33729074083249,-4.33729074083249,-3.4210000089583352,-4.33729074083249,-1.3928517616660496,0,0.21466471333179485
873,2275,485,223135,Shaira Hope Rivera,2020-02-08,0.0,1.0,1,4.0,1.0,,,37.0,1.0,202481,Chi Chi Scholl,2014-09-08,0.0,9.833333333333334,0,,0.0,454.0,69.0,0.0,,0.0,,,,-3.5553480614894135,-3.5553480614894135,-2.639057329615259,-3.5553480614894135,-0.6109090823229733,0,0.27067879718662574
874,2275,627,223135,Shaira Hope Rivera,2020-02-08,0.0,1.0,1,4.0,1.0,,,37.0,1.0,202703,Constance Sibille,2015-05-18,60.0,10.0,0,1.0,0.3333333333333333,320.0,116.0,0.0,15.0,-60.0,,-14.0,,-4.069026754237811,-4.069026754237811,-3.152736022363656,-4.069026754237811,-1.1245877750713704,0,0.14724122479233295
875,2275,835,223135,Shaira Hope Rivera,2020-02-08,0.0,1.0,1,4.0,1.0,,,37.0,1.0,204271,Biljana Pawlowa Dimitrova,2010-02-05,0.0,,0,,,857.0,14.0,0.0,,0.0,,,,-2.0149030205422647,-2.0149030205422647,-1.0986122886681098,-2.0149030205422647,0.9295359586241757,0,0.37235066847907644
876,2275,847,223135,Shaira Hope Rivera,2020-02-08,0.0,1.0,1,4.0,1.0,,,37.0,1.0,204292,Hyojung Yea,2011-09-19,0.0,11.0,0,0.0,0.0,1108.0,7.0,0.0,11.0,0.0,,-10.0,,-1.3862943611198906,-1.3862943611198906,-0.4700036292457356,-1.3862943611198906,1.55814461804655,0,0.40110846323122035
877,2275,893,223135,Shaira Hope Rivera,2020-02-08,0.0,1.0,1,4.0,1.0,,,37.0,1.0,204339,Yue Fei,2010-09-13,0.0,,0,,,,,0.0,,0.0,,,,,,,,,0,0.4647832042393757
878,2275,986,223135,Shaira Hope Rivera,2020-02-08,0.0,1.0,1,4.0,1.0,,,37.0,1.0,204433,Syna Kayser,2012-05-21,0.0,,0,,,609.0,45.0,0.0,,0.0,,,,-3.1354942159291497,-3.1354942159291497,-2.2192034840549946,-3.1354942159291497,-0.19105523676270922,0,0.2966411678788295
879,2275,1017,223135,Shaira Hope Rivera,2020-02-08,0.0,1.0,1,4.0,1.0,,,37.0,1.0,205789,Na Ri Kim,2022-04-16,0.0,5.25,0,,0.5714285714285714,1535.0,4.0,0.0,,0.0,,,,-0.916290731874155,-0.916290731874155,0.0,-0.916290731874155,2.028148247292285,0,0.45322733026226875
880,2275,1175,223135,Shaira Hope Rivera,2020-02-08,0.0,1.0,1,4.0,1.0,,,37.0,1.0,209919,Carina Litfin,2014-05-19,0.0,,0,,,,,0.0,,0.0,,,,,,,,,0,0.4647832042393757
881,2275,1179,223135,Shaira Hope Rivera,2020-02-08,0.0,1.0,1,4.0,1.0,,,37.0,1.0,210064,Denise Muresan,2014-09-08,0.0,,0,,,421.0,79.0,0.0,,0.0,,,,-3.6888794541139363,-3.6888794541139363,-2.772588722239781,-3.6888794541139363,-0.7444404749474959,0,0.26272770976106263
882,2275,1230,223135,Shaira Hope Rivera,2020-02-08,0.0,1.0,1,4.0,1.0,,,37.0,1.0,210884,Melisa Martinov,2012-04-20,0.0,,0,,,,,0.0,,0.0,,,,,,,,,0,0.4647832042393757
883,2275,1278,223135,Shaira Hope Rivera,2020-02-08,0.0,1.0,1,4.0,1.0,,,37.0,1.0,211260,Marie Benoit,2024-11-15,0.0,10.0,0,1.6666666666666667,0.2,208.0,346.0,0.0,7.333333333333333,0.0,,-6.333333333333333,,-5.156177599386914,-5.156177599386914,-4.239886867512759,-5.156177599386914,-2.211738620220473,0,0.17901999737730695
884,2275,1311,223135,Shaira Hope Rivera,2020-02-08,0.0,1.0,1,4.0,1.0,,,37.0,1.0,211472,Oleksandra Korashvili,2015-07-27,48.0,5.8,0,,0.4,582.0,38.0,0.0,,-48.0,,,,-2.9704144655697013,-2.9704144655697013,-2.0541237336955462,-2.9704144655697013,-0.025975486403260677,0,0.2276514735017398
885,2275,1315,223135,Shaira Hope Rivera,2020-02-08,0.0,1.0,1,4.0,1.0,,,37.0,1.0,211533,Jelena Ostapenko,2024-09-09,0.0,7.3,2,3.9444444444444446,0.5,12.0,3008.0,158.0,8.092592592592593,0.0,,-7.0925925925925934,,-7.3162158960701,-7.3162158960701,-6.3999251641959445,-7.3162158960701,-4.371776916903659,0,0.10101350048768062
886,2275,1385,223135,Shaira Hope Rivera,2020-02-08,0.0,1.0,1,4.0,1.0,,,37.0,1.0,211977,Adrijana Lekaj,2023-04-15,0.0,,4,,0.5,,,316.0,,0.0,,,,,,,,,0,0.4647832042393757
887,2275,1394,223135,Shaira Hope Rivera,2020-02-08,0.0,1.0,1,4.0,1.0,,,37.0,1.0,212044,Katharina Gerlach,2022-08-29,0.0,11.5,0,1.2,0.3,251.0,261.0,0.0,9.6,0.0,,-8.6,,-4.875197323201151,-4.875197323201151,-3.9589065913269965,-4.875197323201151,-1.9307583440347111,0,0.18948837423104073
888,2275,1457,223135,Shaira Hope Rivera,2020-02-08,0.0,1.0,1,4.0,1.0,,,37.0,1.0,212302,Lesedi Sheya Jacobs,2015-04-17,0.0,,0,,0.0,,,0.0,,0.0,,,,,,,,,0,0.4647832042393757
889,2275,1691,223135,Shaira Hope Rivera,2020-02-08,0.0,1.0,1,4.0,1.0,,,37.0,1.0,214646,Xiaodi You,2024-10-28,112.0,7.7,5,2.4375,0.4,306.0,207.0,517.0,9.0,-112.0,,-8.0,,-4.6443908991413725,-4.6443908991413725,-3.7281001672672174,-4.6443908991413725,-1.6999519199749322,0,0.08849790012151702
890,2275,1696,223135,Shaira Hope Rivera,2020-02-08,0.0,1.0,1,4.0,1.0,,,37.0,1.0,214679,Sunam Jeong,2019-02-09,0.0,9.0,0,1.0,0.3333333333333333,582.0,27.0,0.0,9.333333333333334,0.0,,-8.333333333333334,,-2.639057329615259,-2.639057329615259,-1.7227665977411035,-2.639057329615259,0.3053816495511819,0,0.31634779432819216
891,2275,1726,223135,Shaira Hope Rivera,2020-02-08,0.0,1.0,1,4.0,1.0,,,37.0,1.0,214882,Oliwia Szymczuch,2015-04-06,28.0,,0,,1.0,,,0.0,,-28.0,,,,,,,,,0,0.40626784344833733
892,2275,1762,223135,Shaira Hope Rivera,2020-02-08,0.0,1.0,1,4.0,1.0,,,37.0,1.0,215064,Maria Mateas,2024-08-26,0.0,7.777777777777778,0,2.0,0.3333333333333333,190.0,369.0,0.0,6.333333333333333,0.0,,-5.333333333333333,,-5.220355825078324,-5.220355825078324,-4.304065093204169,-5.220355825078324,-2.275916845911884,0,0.17718572400389862
893,2275,1764,223135,Shaira Hope Rivera,2020-02-08,0.0,1.0,1,4.0,1.0,,,37.0,1.0,215096,Jaimee Fourlis,2024-05-27,0.0,8.2,0,1.9166666666666667,0.4,294.0,234.0,0.0,8.916666666666666,0.0,,-7.916666666666666,,-4.7664383335842135,-4.7664383335842135,-3.8501476017100584,-4.7664383335842135,-1.821999354417773,0,0.19537859516581157
894,2275,2047,223135,Shaira Hope Rivera,2020-02-08,0.0,1.0,1,4.0,1.0,,,37.0,1.0,220757,Lia Karatancheva,2023-04-14,0.0,,3,,1.0,518.0,79.0,338.0,,0.0,,,,-3.6888794541139363,-3.6888794541139363,-2.772588722239781,-3.6888794541139363,-0.7444404749474959,0,0.26272770976106263
895,2275,2218,223135,Shaira Hope Rivera,2020-02-08,0.0,1.0,1,4.0,1.0,,,37.0,1.0,222034,Reese Brantmeier,2022-03-07,0.0,6.333333333333333,0,4.0,0.5,525.0,84.0,0.0,6.0,0.0,,-5.0,,-3.7495040759303713,-3.7495040759303713,-2.833213344056216,-3.7495040759303713,-0.8050650967639307,0,0.2524950488112599
896,2275,2318,223135,Shaira Hope Rivera,2020-02-08,0.0,1.0,1,4.0,1.0,,,37.0,1.0,232447,Celine Naef,2024-08-26,152.0,9.5,0,3.076923076923077,0.3,177.0,400.0,0.0,8.461538461538462,-152.0,,-7.461538461538462,,-5.300814246746624,-5.300814246746624,-4.384523514872469,-5.300814246746624,-2.3563752675801837,0,0.053724818981017726
897,2275,2338,223135,Shaira Hope Rivera,2020-02-08,0.0,1.0,1,4.0,1.0,,,37.0,1.0,239129,Lina Soussi,2024-09-09,0.0,,0,,,,,0.0,,0.0,,,,,,,,,0,0.4647832042393757
898,2275,2458,223135,Shaira Hope Rivera,2020-02-08,0.0,1.0,1,4.0,1.0,,,37.0,1.0,267256,Melinda Biro,2024-07-15,0.0,,0,,,,,0.0,,0.0,,,,,,,,,0,0.4647832042393757
899,2318,1,232447,Celine Naef,2024-08-26,152.0,9.5,0,3.076923076923077,0.3,177.0,400.0,0.0,8.461538461538462,200002,Mirjana Lucic,2018-01-15,138.0,10.8,3,2.972972972972973,0.4,30.0,1618.0,234.0,9.027027027027026,14.0,147.0,-0.5654885654885646,-1218.0,-5.038188696514157,-7.389563953677635,-5.98422139758705,-7.127199689210144,-7.389563953677635,0,0.02055177514768305
900,2318,316,232447,Celine Naef,2024-08-26,152.0,9.5,0,3.076923076923077,0.3,177.0,400.0,0.0,8.461538461538462,201658,Carmen Klaschka,2010-05-03,72.0,11.0,2,0.0,0.6666666666666666,245.0,205.0,132.0,11.0,80.0,-68.0,-2.5384615384615383,195.0,-2.9765009116261036,-5.327876168789581,-3.922533612698996,-5.06551190432209,-5.327876168789581,0,0.1392627093148282
901,2318,335,232447,Celine Naef,2024-08-26,152.0,9.5,0,3.076923076923077,0.3,177.0,400.0,0.0,8.461538461538462,201678,Sacha Jones,2018-01-01,0.0,12.714285714285714,0,,0.2,,,0.0,,152.0,,,,,,,,,1,0.7817774840023852
902,2318,378,232447,Celine Naef,2024-08-26,152.0,9.5,0,3.076923076923077,0.3,177.0,400.0,0.0,8.461538461538462,202306,Diana Ospina,2012-09-10,0.0,,0,,,595.0,44.0,0.0,,152.0,-418.0,,356.0,-1.455287232606842,-3.8066624897703196,-2.401319933679735,-3.544298225302829,-3.8066624897703196,1,0.5116536254135935
903,2318,463,232447,Celine Naef,2024-08-26,152.0,9.5,0,3.076923076923077,0.3,177.0,400.0,0.0,8.461538461538462,202459,Bojana Bobusic,2013-01-14,0.0,10.0,5,2.1666666666666665,0.375,307.0,152.0,549.0,10.666666666666666,152.0,-130.0,-2.2051282051282044,248.0,-2.6790626642289577,-5.030437921392435,-3.6250953653018505,-4.768073656924944,-5.030437921392435,0,0.2746272399273077
904,2318,485,232447,Celine Naef,2024-08-26,152.0,9.5,0,3.076923076923077,0.3,177.0,400.0,0.0,8.461538461538462,202481,Chi Chi Scholl,2014-09-08,0.0,9.833333333333334,0,,0.0,454.0,69.0,0.0,,152.0,-277.0,,331.0,-1.8971199848858813,-4.248495242049359,-2.843152685958774,-3.986130977581868,-4.248495242049359,0,0.4042098032413795
905,2318,627,232447,Celine Naef,2024-08-26,152.0,9.5,0,3.076923076923077,0.3,177.0,400.0,0.0,8.461538461538462,202703,Constance Sibille,2015-05-18,60.0,10.0,0,1.0,0.3333333333333333,320.0,116.0,0.0,15.0,92.0,-143.0,-6.538461538461538,284.0,-2.4107986776342782,-4.762173934797756,-3.356831378707171,-4.499809670330265,-4.762173934797756,0,0.1989382311884744
906,2318,835,232447,Celine Naef,2024-08-26,152.0,9.5,0,3.076923076923077,0.3,177.0,400.0,0.0,8.461538461538462,204271,Biljana Pawlowa Dimitrova,2010-02-05,0.0,,0,,,857.0,14.0,0.0,,152.0,-680.0,,386.0,-0.35667494393873245,-2.70805020110221,-1.302707645011625,-2.445685936634719,-2.70805020110221,1,0.7178385132887769
907,2318,847,232447,Celine Naef,2024-08-26,152.0,9.5,0,3.076923076923077,0.3,177.0,400.0,0.0,8.461538461538462,204292,Hyojung Yea,2011-09-19,0.0,11.0,0,0.0,0.0,1108.0,7.0,0.0,11.0,152.0,-931.0,-2.5384615384615383,393.0,0.27193371548364176,-2.0794415416798357,-0.6740989855892509,-1.817077277212345,-2.0794415416798357,1,0.8362146181306853
908,2318,893,232447,Celine Naef,2024-08-26,152.0,9.5,0,3.076923076923077,0.3,177.0,400.0,0.0,8.461538461538462,204339,Yue Fei,2010-09-13,0.0,,0,,,,,0.0,,152.0,,,,,,,,,1,0.7817774840023852
909,2318,986,232447,Celine Naef,2024-08-26,152.0,9.5,0,3.076923076923077,0.3,177.0,400.0,0.0,8.461538461538462,204433,Syna Kayser,2012-05-21,0.0,,0,,,609.0,45.0,0.0,,152.0,-432.0,,355.0,-1.4772661393256175,-3.828641396489095,-2.42329884039851,-3.566277132021604,-3.828641396489095,1,0.5171646928536153
910,2318,1017,232447,Celine Naef,2024-08-26,152.0,9.5,0,3.076923076923077,0.3,177.0,400.0,0.0,8.461538461538462,205789,Na Ri Kim,2022-04-16,0.0,5.25,0,,0.5714285714285714,1535.0,4.0,0.0,,152.0,-1358.0,,396.0,0.7419373447293773,-1.6094379124341003,-0.20409535634351528,-1.3470736479666092,-1.6094379124341003,1,0.9357299710381743
911,2318,1175,232447,Celine Naef,2024-08-26,152.0,9.5,0,3.076923076923077,0.3,177.0,400.0,0.0,8.461538461538462,209919,Carina Litfin,2014-05-19,0.0,,0,,,,,0.0,,152.0,,,,,,,,,1,0.7817774840023852
912,2318,1179,232447,Celine Naef,2024-08-26,152.0,9.5,0,3.076923076923077,0.3,177.0,400.0,0.0,8.461538461538462,210064,Denise Muresan,2014-09-08,0.0,,0,,,421.0,79.0,0.0,,152.0,-244.0,,321.0,-2.030651377510404,-4.382026634673881,-2.9766840785832964,-4.119662370206391,-4.382026634673881,0,0.37752379595817565
913,2318,1230,232447,Celine Naef,2024-08-26,152.0,9.5,0,3.076923076923077,0.3,177.0,400.0,0.0,8.461538461538462,210884,Melisa Martinov,2012-04-20,0.0,,0,,,,,0.0,,152.0,,,,,,,,,1,0.7817774840023852
914,2318,1278,232447,Celine Naef,2024-08-26,152.0,9.5,0,3.076923076923077,0.3,177.0,400.0,0.0,8.461538461538462,211260,Marie Benoit,2024-11-15,0.0,10.0,0,1.6666666666666667,0.2,208.0,346.0,0.0,7.333333333333333,152.0,-31.0,1.1282051282051286,54.0,-3.4979495227833817,-5.849324779946859,-4.443982223856274,-5.586960515479368,-5.849324779946859,0,0.18839748452589986
915,2318,1311,232447,Celine Naef,2024-08-26,152.0,9.5,0,3.076923076923077,0.3,177.0,400.0,0.0,8.461538461538462,211472,Oleksandra Korashvili,2015-07-27,48.0,5.8,0,,0.4,582.0,38.0,0.0,,104.0,-405.0,,362.0,-1.3121863889661687,-3.6635616461296463,-2.2582190900390615,-3.4011973816621555,-3.6635616461296463,0,0.41495077762446925
916,2318,1315,232447,Celine Naef,2024-08-26,152.0,9.5,0,3.076923076923077,0.3,177.0,400.0,0.0,8.461538461538462,211533,Jelena Ostapenko,2024-09-09,0.0,7.3,2,3.9444444444444446,0.5,12.0,3008.0,158.0,8.092592592592593,152.0,165.0,0.3689458689458682,-2608.0,-5.657987819466568,-8.009363076630045,-6.604020520539461,-7.746998812162555,-8.009363076630045,0,0.03479210976359516
917,2318,1385,232447,Celine Naef,2024-08-26,152.0,9.5,0,3.076923076923077,0.3,177.0,400.0,0.0,8.461538461538462,211977,Adrijana Lekaj,2023-04-15,0.0,,4,,0.5,,,316.0,,152.0,,,,,,,,,1,0.7817774840023852
918,2318,1394,232447,Celine Naef,2024-08-26,152.0,9.5,0,3.076923076923077,0.3,177.0,400.0,0.0,8.461538461538462,212044,Katharina Gerlach,2022-08-29,0.0,11.5,0,1.2,0.3,251.0,261.0,0.0,9.6,152.0,-74.0,-1.138461538461538,139.0,-3.2169692465976194,-5.568344503761097,-4.163001947670512,-5.305980239293606,-5.568344503761097,0,0.2181897569951858
919,2318,1457,232447,Celine Naef,2024-08-26,152.0,9.5,0,3.076923076923077,0.3,177.0,400.0,0.0,8.461538461538462,212302,Lesedi Sheya Jacobs,2015-04-17,0.0,,0,,0.0,,,0.0,,152.0,,,,,,,,,1,0.7817774840023852
920,2318,1691,232447,Celine Naef,2024-08-26,152.0,9.5,0,3.076923076923077,0.3,177.0,400.0,0.0,8.461538461538462,214646,Xiaodi You,2024-10-28,112.0,7.7,5,2.4375,0.4,306.0,207.0,517.0,9.0,40.0,-129.0,-0.5384615384615383,193.0,-2.9861628225378403,-5.337538079701318,-3.932195523610733,-5.075173815233827,-5.337538079701318,0,0.1166228634801591
921,2318,1696,232447,Celine Naef,2024-08-26,152.0,9.5,0,3.076923076923077,0.3,177.0,400.0,0.0,8.461538461538462,214679,Sunam Jeong,2019-02-09,0.0,9.0,0,1.0,0.3333333333333333,582.0,27.0,0.0,9.333333333333334,152.0,-405.0,-0.8717948717948723,373.0,-0.9808292530117262,-3.332204510175204,-1.926861954084619,-3.069840245707713,-3.332204510175204,1,0.5406748678164479
922,2318,1726,232447,Celine Naef,2024-08-26,152.0,9.5,0,3.076923076923077,0.3,177.0,400.0,0.0,8.461538461538462,214882,Oliwia Szymczuch,2015-04-06,28.0,,0,,1.0,,,0.0,,124.0,,,,,,,,,1,0.7384137154192519
923,2318,1762,232447,Celine Naef,2024-08-26,152.0,9.5,0,3.076923076923077,0.3,177.0,400.0,0.0,8.461538461538462,215064,Maria Mateas,2024-08-26,0.0,7.777777777777778,0,2.0,0.3333333333333333,190.0,369.0,0.0,6.333333333333333,152.0,-13.0,2.1282051282051286,31.0,-3.562127748474792,-5.91350300563827,-4.5081604495476855,-5.651138741170779,-5.91350300563827,0,0.17987560928719096
924,2318,1764,232447,Celine Naef,2024-08-26,152.0,9.5,0,3.076923076923077,0.3,177.0,400.0,0.0,8.461538461538462,215096,Jaimee Fourlis,2024-05-27,0.0,8.2,0,1.9166666666666667,0.4,294.0,234.0,0.0,8.916666666666666,152.0,-117.0,-0.4551282051282044,166.0,-3.1082102569806813,-5.459585514144159,-4.054242958053574,-5.197221249676668,-5.459585514144159,0,0.2421244272578328
925,2318,2047,232447,Celine Naef,2024-08-26,152.0,9.5,0,3.076923076923077,0.3,177.0,400.0,0.0,8.461538461538462,220757,Lia Karatancheva,2023-04-14,0.0,,3,,1.0,518.0,79.0,338.0,,152.0,-341.0,,321.0,-2.030651377510404,-4.382026634673881,-2.9766840785832964,-4.119662370206391,-4.382026634673881,0,0.42585633592121197
926,2318,2218,232447,Celine Naef,2024-08-26,152.0,9.5,0,3.076923076923077,0.3,177.0,400.0,0.0,8.461538461538462,222034,Reese Brantmeier,2022-03-07,0.0,6.333333333333333,0,4.0,0.5,525.0,84.0,0.0,6.0,152.0,-348.0,2.4615384615384617,316.0,-2.0912759993268386,-4.442651256490317,-3.0373087003997314,-4.180286992022825,-4.442651256490317,0,0.42875236305509806
927,2318,2275,232447,Celine Naef,2024-08-26,152.0,9.5,0,3.076923076923077,0.3,177.0,400.0,0.0,8.461538461538462,223135,Shaira Hope Rivera,2020-02-08,0.0,1.0,1,4.0,1.0,,,37.0,1.0,152.0,,7.461538461538462,,,,,,,1,0.7905695607272272
928,2318,2338,232447,Celine Naef,2024-08-26,152.0,9.5,0,3.076923076923077,0.3,177.0,400.0,0.0,8.461538461538462,239129,Lina Soussi,2024-09-09,0.0,,0,,,,,0.0,,152.0,,,,,,,,,1,0.7817774840023852
929,2318,2458,232447,Celine Naef,2024-08-26,152.0,9.5,0,3.076923076923077,0.3,177.0,400.0,0.0,8.461538461538462,267256,Melinda Biro,2024-07-15,0.0,,0,,,,,0.0,,152.0,,,,,,,,,1,0.7817774840023852
930,2338,1,239129,Lina Soussi,2024-09-09,0.0,,0,,,,,0.0,,200002,Mirjana Lucic,2018-01-15,138.0,10.8,3,2.972972972972973,0.4,30.0,1618.0,234.0,9.027027027027026,-138.0,,,,,-7.389563953677635,,,-7.389563953677635,0,0.07277200150794697
931,2338,316,239129,Lina Soussi,2024-09-09,0.0,,0,,,,,0.0,,201658,Carmen Klaschka,2010-05-03,72.0,11.0,2,0.0,0.6666666666666666,245.0,205.0,132.0,11.0,-72.0,,,,,-5.327876168789581,,,-5.327876168789581,0,0.1624412499118633
932,2338,335,239129,Lina Soussi,2024-09-09,0.0,,0,,,,,0.0,,201678,Sacha Jones,2018-01-01,0.0,12.714285714285714,0,,0.2,,,0.0,,0.0,,,,,,,,,0,0.4647832042393757
933,2338,378,239129,Lina Soussi,2024-09-09,0.0,,0,,,,,0.0,,202306,Diana Ospina,2012-09-10,0.0,,0,,,595.0,44.0,0.0,,0.0,,,,,-3.8066624897703196,,,-3.8066624897703196,0,0.3155454676783912
934,2338,463,239129,Lina Soussi,2024-09-09,0.0,,0,,,,,0.0,,202459,Bojana Bobusic,2013-01-14,0.0,10.0,5,2.1666666666666665,0.375,307.0,152.0,549.0,10.666666666666666,0.0,,,,,-5.030437921392435,,,-5.030437921392435,0,0.27331102272294416
935,2338,485,239129,Lina Soussi,2024-09-09,0.0,,0,,,,,0.0,,202481,Chi Chi Scholl,2014-09-08,0.0,9.833333333333334,0,,0.0,454.0,69.0,0.0,,0.0,,,,,-4.248495242049359,,,-4.248495242049359,0,0.29989119654588625
936,2338,627,239129,Lina Soussi,2024-09-09,0.0,,0,,,,,0.0,,202703,Constance Sibille,2015-05-18,60.0,10.0,0,1.0,0.3333333333333333,320.0,116.0,0.0,15.0,-60.0,,,,,-4.762173934797756,,,-4.762173934797756,0,0.190936198220245
937,2338,835,239129,Lina Soussi,2024-09-09,0.0,,0,,,,,0.0,,204271,Biljana Pawlowa Dimitrova,2010-02-05,0.0,,0,,,857.0,14.0,0.0,,0.0,,,,,-2.70805020110221,,,-2.70805020110221,0,0.3562744838116847
938,2338,847,239129,Lina Soussi,2024-09-09,0.0,,0,,,,,0.0,,204292,Hyojung Yea,2011-09-19,0.0,11.0,0,0.0,0.0,1108.0,7.0,0.0,11.0,0.0,,,,,-2.0794415416798357,,,-2.0794415416798357,0,0.3805993278330075
939,2338,893,239129,Lina Soussi,2024-09-09,0.0,,0,,,,,0.0,,204339,Yue Fei,2010-09-13,0.0,,0,,,,,0.0,,0.0,,,,,,,,,0,0.4647832042393757
940,2338,986,239129,Lina Soussi,2024-09-09,0.0,,0,,,,,0.0,,204433,Syna Kayser,2012-05-21,0.0,,0,,,609.0,45.0,0.0,,0.0,,,,,-3.828641396489095,,,-3.828641396489095,0,0.3147563738065142
941,2338,1017,239129,Lina Soussi,2024-09-09,0.0,,0,,,,,0.0,,205789,Na Ri Kim,2022-04-16,0.0,5.25,0,,0.5714285714285714,1535.0,4.0,0.0,,0.0,,,,,-1.6094379124341003,,,-1.6094379124341003,0,0.39919449913292626
942,2338,1175,239129,Lina Soussi,2024-09-09,0.0,,0,,,,,0.0,,209919,Carina Litfin,2014-05-19,0.0,,0,,,,,0.0,,0.0,,,,,,,,,0,0.4647832042393757
943,2338,1179,239129,Lina Soussi,2024-09-09,0.0,,0,,,,,0.0,,210064,Denise Muresan,2014-09-08,0.0,,0,,,421.0,79.0,0.0,,0.0,,,,,-4.382026634673881,,,-4.382026634673881,0,0.2952484171108534
944,2338,1230,239129,Lina Soussi,2024-09-09,0.0,,0,,,,,0.0,,210884,Melisa Martinov,2012-04-20,0.0,,0,,,,,0.0,,0.0,,,,,,,,,0,0.4647832042393757
945,2338,1278,239129,Lina Soussi,2024-09-09,0.0,,0,,,,,0.0,,211260,Marie Benoit,2024-11-15,0.0,10.0,0,1.6666666666666667,0.2,208.0,346.0,0.0,7.333333333333333,0.0,,,,,-5.849324779946859,,,-5.849324779946859,0,0.24710624473696133
946,2338,1311,239129,Lina Soussi,2024-09-09,0.0,,0,,,,,0.0,,211472,Oleksandra Korashvili,2015-07-27,48.0,5.8,0,,0.4,582.0,38.0,0.0,,-48.0,,,,,-3.6635616461296463,,,-3.6635616461296463,0,0.23883902971791127
947,2338,1315,239129,Lina Soussi,2024-09-09,0.0,,0,,,,,0.0,,211533,Jelena Ostapenko,2024-09-09,0.0,7.3,2,3.9444444444444446,0.5,12.0,3008.0,158.0,8.092592592592593,0.0,,,,,-8.009363076630045,,,-8.009363076630045,0,0.18642381231961297
948,2338,1385,239129,Lina Soussi,2024-09-09,0.0,,0,,,,,0.0,,211977,Adrijana Lekaj,2023-04-15,0.0,,4,,0.5,,,316.0,,0.0,,,,,,,,,0,0.4647832042393757
949,2338,1394,239129,Lina Soussi,2024-09-09,0.0,,0,,,,,0.0,,212044,Katharina Gerlach,2022-08-29,0.0,11.5,0,1.2,0.3,251.0,261.0,0.0,9.6,0.0,,,,,-5.568344503761097,,,-5.568344503761097,0,0.2559042974624985
950,2338,1457,239129,Lina Soussi,2024-09-09,0.0,,0,,,,,0.0,,212302,Lesedi Sheya Jacobs,2015-04-17,0.0,,0,,0.0,,,0.0,,0.0,,,,,,,,,0,0.4647832042393757
951,2338,1691,239129,Lina Soussi,2024-09-09,0.0,,0,,,,,0.0,,214646,Xiaodi You,2024-10-28,112.0,7.7,5,2.4375,0.4,306.0,207.0,517.0,9.0,-112.0,,,,,-5.337538079701318,,,-5.337538079701318,0,0.12108110915409115
952,2338,1696,239129,Lina Soussi,2024-09-09,0.0,,0,,,,,0.0,,214679,Sunam Jeong,2019-02-09,0.0,9.0,0,1.0,0.3333333333333333,582.0,27.0,0.0,9.333333333333334,0.0,,,,,-3.332204510175204,,,-3.332204510175204,0,0.33283382691278196
953,2338,1726,239129,Lina Soussi,2024-09-09,0.0,,0,,,,,0.0,,214882,Oliwia Szymczuch,2015-04-06,28.0,,0,,1.0,,,0.0,,-28.0,,,,,,,,,0,0.40626784344833733
954,2338,1762,239129,Lina Soussi,2024-09-09,0.0,,0,,,,,0.0,,215064,Maria Mateas,2024-08-26,0.0,7.777777777777778,0,2.0,0.3333333333333333,190.0,369.0,0.0,6.333333333333333,0.0,,,,,-5.91350300563827,,,-5.91350300563827,0,0.2451254504743476
955,2338,1764,239129,Lina Soussi,2024-09-09,0.0,,0,,,,,0.0,,215096,Jaimee Fourlis,2024-05-27,0.0,8.2,0,1.9166666666666667,0.4,294.0,234.0,0.0,8.916666666666666,0.0,,,,,-5.459585514144159,,,-5.459585514144159,0,0.25936441663513193
956,2338,2047,239129,Lina Soussi,2024-09-09,0.0,,0,,,,,0.0,,220757,Lia Karatancheva,2023-04-14,0.0,,3,,1.0,518.0,79.0,338.0,,0.0,,,,,-4.382026634673881,,,-4.382026634673881,0,0.2952484171108534
957,2338,2218,239129,Lina Soussi,2024-09-09,0.0,,0,,,,,0.0,,222034,Reese Brantmeier,2022-03-07,0.0,6.333333333333333,0,4.0,0.5,525.0,84.0,0.0,6.0,0.0,,,,,-4.442651256490317,,,-4.442651256490317,0,0.2931543891142306
958,2338,2275,239129,Lina Soussi,2024-09-09,0.0,,0,,,,,0.0,,223135,Shaira Hope Rivera,2020-02-08,0.0,1.0,1,4.0,1.0,,,37.0,1.0,0.0,,,,,,,,,0,0.4647832042393757
959,2338,2318,239129,Lina Soussi,2024-09-09,0.0,,0,,,,,0.0,,232447,Celine Naef,2024-08-26,152.0,9.5,0,3.076923076923077,0.3,177.0,400.0,0.0,8.461538461538462,-152.0,,,,,-5.993961427306569,,,-5.993961427306569,0,0.08077418749751046
960,2338,2458,239129,Lina Soussi,2024-09-09,0.0,,0,,,,,0.0,,267256,Melinda Biro,2024-07-15,0.0,,0,,,,,0.0,,0.0,,,,,,,,,0,0.4647832042393757
961,2458,1,267256,Melinda Biro,2024-07-15,0.0,,0,,,,,0.0,,200002,Mirjana Lucic,2018-01-15,138.0,10.8,3,2.972972972972973,0.4,30.0,1618.0,234.0,9.027027027027026,-138.0,,,,,-7.389563953677635,,,-7.389563953677635,0,0.07277200150794697
962,2458,316,267256,Melinda Biro,2024-07-15,0.0,,0,,,,,0.0,,201658,Carmen Klaschka,2010-05-03,72.0,11.0,2,0.0,0.6666666666666666,245.0,205.0,132.0,11.0,-72.0,,,,,-5.327876168789581,,,-5.327876168789581,0,0.1624412499118633
963,2458,335,267256,Melinda Biro,2024-07-15,0.0,,0,,,,,0.0,,201678,Sacha Jones,2018-01-01,0.0,12.714285714285714,0,,0.2,,,0.0,,0.0,,,,,,,,,0,0.4647832042393757
964,2458,378,267256,Melinda Biro,2024-07-15,0.0,,0,,,,,0.0,,202306,Diana Ospina,2012-09-10,0.0,,0,,,595.0,44.0,0.0,,0.0,,,,,-3.8066624897703196,,,-3.8066624897703196,0,0.3155454676783912
965,2458,463,267256,Melinda Biro,2024-07-15,0.0,,0,,,,,0.0,,202459,Bojana Bobusic,2013-01-14,0.0,10.0,5,2.1666666666666665,0.375,307.0,152.0,549.0,10.666666666666666,0.0,,,,,-5.030437921392435,,,-5.030437921392435,0,0.27331102272294416
966,2458,485,267256,Melinda Biro,2024-07-15,0.0,,0,,,,,0.0,,202481,Chi Chi Scholl,2014-09-08,0.0,9.833333333333334,0,,0.0,454.0,69.0,0.0,,0.0,,,,,-4.248495242049359,,,-4.248495242049359,0,0.29989119654588625
967,2458,627,267256,Melinda Biro,2024-07-15,0.0,,0,,,,,0.0,,202703,Constance Sibille,2015-05-18,60.0,10.0,0,1.0,0.3333333333333333,320.0,116.0,0.0,15.0,-60.0,,,,,-4.762173934797756,,,-4.762173934797756,0,0.190936198220245
968,2458,835,267256,Melinda Biro,2024-07-15,0.0,,0,,,,,0.0,,204271,Biljana Pawlowa Dimitrova,2010-02-05,0.0,,0,,,857.0,14.0,0.0,,0.0,,,,,-2.70805020110221,,,-2.70805020110221,0,0.3562744838116847
969,2458,847,267256,Melinda Biro,2024-07-15,0.0,,0,,,,,0.0,,204292,Hyojung Yea,2011-09-19,0.0,11.0,0,0.0,0.0,1108.0,7.0,0.0,11.0,0.0,,,,,-2.0794415416798357,,,-2.0794415416798357,0,0.3805993278330075
970,2458,893,267256,Melinda Biro,2024-07-15,0.0,,0,,,,,0.0,,204339,Yue Fei,2010-09-13,0.0,,0,,,,,0.0,,0.0,,,,,,,,,0,0.4647832042393757
971,2458,986,267256,Melinda Biro,2024-07-15,0.0,,0,,,,,0.0,,204433,Syna Kayser,2012-05-21,0.0,,0,,,609.0,45.0,0.0,,0.0,,,,,-3.828641396489095,,,-3.828641396489095,0,0.3147563738065142
972,2458,1017,267256,Melinda Biro,2024-07-15,0.0,,0,,,,,0.0,,205789,Na Ri Kim,2022-04-16,0.0,5.25,0,,0.5714285714285714,1535.0,4.0,0.0,,0.0,,,,,-1.6094379124341003,,,-1.6094379124341003,0,0.39919449913292626
973,2458,1175,267256,Melinda Biro,2024-07-15,0.0,,0,,,,,0.0,,209919,Carina Litfin,2014-05-19,0.0,,0,,,,,0.0,,0.0,,,,,,,,,0,0.4647832042393757
974,2458,1179,267256,Melinda Biro,2024-07-15,0.0,,0,,,,,0.0,,210064,Denise Muresan,2014-09-08,0.0,,0,,,421.0,79.0,0.0,,0.0,,,,,-4.382026634673881,,,-4.382026634673881,0,0.2952484171108534
975,2458,1230,267256,Melinda Biro,2024-07-15,0.0,,0,,,,,0.0,,210884,Melisa Martinov,2012-04-20,0.0,,0,,,,,0.0,,0.0,,,,,,,,,0,0.4647832042393757
976,2458,1278,267256,Melinda Biro,2024-07-15,0.0,,0,,,,,0.0,,211260,Marie Benoit,2024-11-15,0.0,10.0,0,1.6666666666666667,0.2,208.0,346.0,0.0,7.333333333333333,0.0,,,,,-5.849324779946859,,,-5.849324779946859,0,0.24710624473696133
977,2458,1311,267256,Melinda Biro,2024-07-15,0.0,,0,,,,,0.0,,211472,Oleksandra Korashvili,2015-07-27,48.0,5.8,0,,0.4,582.0,38.0,0.0,,-48.0,,,,,-3.6635616461296463,,,-3.6635616461296463,0,0.23883902971791127
978,2458,1315,267256,Melinda Biro,2024-07-15,0.0,,0,,,,,0.0,,211533,Jelena Ostapenko,2024-09-09,0.0,7.3,2,3.9444444444444446,0.5,12.0,3008.0,158.0,8.092592592592593,0.0,,,,,-8.009363076630045,,,-8.009363076630045,0,0.18642381231961297
979,2458,1385,267256,Melinda Biro,2024-07-15,0.0,,0,,,,,0.0,,211977,Adrijana Lekaj,2023-04-15,0.0,,4,,0.5,,,316.0,,0.0,,,,,,,,,0,0.4647832042393757
980,2458,1394,267256,Melinda Biro,2024-07-15,0.0,,0,,,,,0.0,,212044,Katharina Gerlach,2022-08-29,0.0,11.5,0,1.2,0.3,251.0,261.0,0.0,9.6,0.0,,,,,-5.568344503761097,,,-5.568344503761097,0,0.2559042974624985
981,2458,1457,267256,Melinda Biro,2024-07-15,0.0,,0,,,,,0.0,,212302,Lesedi Sheya Jacobs,2015-04-17,0.0,,0,,0.0,,,0.0,,0.0,,,,,,,,,0,0.4647832042393757
982,2458,1691,267256,Melinda Biro,2024-07-15,0.0,,0,,,,,0.0,,214646,Xiaodi You,2024-10-28,112.0,7.7,5,2.4375,0.4,306.0,207.0,517.0,9.0,-112.0,,,,,-5.337538079701318,,,-5.337538079701318,0,0.12108110915409115
983,2458,1696,267256,Melinda Biro,2024-07-15,0.0,,0,,,,,0.0,,214679,Sunam Jeong,2019-02-09,0.0,9.0,0,1.0,0.3333333333333333,582.0,27.0,0.0,9.333333333333334,0.0,,,,,-3.332204510175204,,,-3.332204510175204,0,0.33283382691278196
984,2458,1726,267256,Melinda Biro,2024-07-15,0.0,,0,,,,,0.0,,214882,Oliwia Szymczuch,2015-04-06,28.0,,0,,1.0,,,0.0,,-28.0,,,,,,,,,0,0.40626784344833733
985,2458,1762,267256,Melinda Biro,2024-07-15,0.0,,0,,,,,0.0,,215064,Maria Mateas,2024-08-26,0.0,7.777777777777778,0,2.0,0.3333333333333333,190.0,369.0,0.0,6.333333333333333,0.0,,,,,-5.91350300563827,,,-5.91350300563827,0,0.2451254504743476
986,2458,1764,267256,Melinda Biro,2024-07-15,0.0,,0,,,,,0.0,,215096,Jaimee Fourlis,2024-05-27,0.0,8.2,0,1.9166666666666667,0.4,294.0,234.0,0.0,8.916666666666666,0.0,,,,,-5.459585514144159,,,-5.459585514144159,0,0.25936441663513193
987,2458,2047,267256,Melinda Biro,2024-07-15,0.0,,0,,,,,0.0,,220757,Lia Karatancheva,2023-04-14,0.0,,3,,1.0,518.0,79.0,338.0,,0.0,,,,,-4.382026634673881,,,-4.382026634673881,0,0.2952484171108534
988,2458,2218,267256,Melinda Biro,2024-07-15,0.0,,0,,,,,0.0,,222034,Reese Brantmeier,2022-03-07,0.0,6.333333333333333,0,4.0,0.5,525.0,84.0,0.0,6.0,0.0,,,,,-4.442651256490317,,,-4.442651256490317,0,0.2931543891142306
989,2458,2275,267256,Melinda Biro,2024-07-15,0.0,,0,,,,,0.0,,223135,Shaira Hope Rivera,2020-02-08,0.0,1.0,1,4.0,1.0,,,37.0,1.0,0.0,,,,,,,,,0,0.4647832042393757
990,2458,2318,267256,Melinda Biro,2024-07-15,0.0,,0,,,,,0.0,,232447,Celine Naef,2024-08-26,152.0,9.5,0,3.076923076923077,0.3,177.0,400.0,0.0,8.461538461538462,-152.0,,,,,-5.993961427306569,,,-5.993961427306569,0,0.08077418749751046
991,2458,2338,267256,Melinda Biro,2024-07-15,0.0,,0,,,,,0.0,,239129,Lina Soussi,2024-09-09,0.0,,0,,,,,0.0,,0.0,,,,,,,,,0,0.4647832042393757
